Lemma,Stem,Number,Case,Form,Stemtype
брѣмѧ,n stem,Singular,Nominative,брѣмꙙ,etymological
врѣмѧ,n stem,Singular,Nominative,врѣмꙙ,etymological
врѣмѧ,n stem,Singular,Nominative,врѣмꙙ,etymological
врѣмѧ,n stem,Singular,Nominative,врѣмꙙ,etymological
врѣмѧ,n stem,Singular,Nominative,врѣмꙙ,etymological
врѣмѧ,n stem,Singular,Nominative,врѣмꙙ,etymological
врѣмѧ,n stem,Singular,Nominative,врѣмꙙ,etymological
врѣмѧ,n stem,Singular,Nominative,врѣмꙙ,etymological
врѣмѧ,n stem,Singular,Nominative,врѣмꙙ,etymological
врѣмѧ,n stem,Singular,Nominative,врѣмꙙ,etymological
врѣмѧ,n stem,Singular,Nominative,врѣмꙙ,etymological
врѣмѧ,n stem,Singular,Nominative,врѣмꙙ,etymological
врѣмѧ,n stem,Singular,Nominative,врѣмꙙ,etymological
врѣмѧ,n stem,Singular,Nominative,врѣмꙙ,etymological
врѣмѧ,n stem,Singular,Nominative,врѣмꙙ,etymological
врѣмѧ,n stem,Singular,Nominative,врѣмꙙ,etymological
врѣмѧ,n stem,Singular,Nominative,врѣмꙙ,etymological
врѣмѧ,n stem,Singular,Nominative,врѣмꙙ,etymological
врѣмѧ,n stem,Singular,Nominative,врѣмꙙ,etymological
врѣмѧ,n stem,Singular,Nominative,врѣмꙙ,etymological
врѣмѧ,n stem,Singular,Nominative,врѣмꙙ,etymological
врѣмѧ,n stem,Singular,Nominative,врѣмꙙ,etymological
врѣмѧ,n stem,Singular,Nominative,врѣмꙙ,etymological
врѣмѧ,n stem,Singular,Nominative,врѣмꙙ,etymological
врѣмѧ,n stem,Singular,Nominative,врѣмꙙ,etymological
врѣмѧ,n stem,Singular,Nominative,врѣмꙙ,etymological
врѣмѧ,n stem,Singular,Nominative,врѣмꙙ,etymological
врѣмѧ,n stem,Singular,Nominative,врѣмꙙ,etymological
врѣмѧ,n stem,Singular,Nominative,врѣмꙙ,etymological
врѣмѧ,n stem,Singular,Nominative,врѣмꙙ,etymological
врѣмѧ,n stem,Singular,Nominative,врѣмꙙ,etymological
врѣмѧ,n stem,Singular,Nominative,врѣмꙙ,etymological
врѣмѧ,n stem,Singular,Nominative,врѣмꙙ,etymological
врѣмѧ,n stem,Singular,Nominative,врѣмꙙ,etymological
врѣмѧ,n stem,Singular,Nominative,врѣмꙙ,etymological
врѣмѧ,n stem,Singular,Nominative,врѣмꙙ,etymological
врѣмѧ,n stem,Singular,Nominative,врѣмꙙ,etymological
дьнь,n stem,Singular,Nominative,день҆,etymological
дьнь,n stem,Singular,Nominative,днъ,etymological
дьнь,n stem,Singular,Nominative,дьнь҆,etymological
дьнь,n stem,Singular,Nominative,дь҆нь,etymological
дьнь,n stem,Singular,Nominative,дь҆нь҆,etymological
дьнь,n stem,Singular,Nominative,дь҆нь҆,etymological
дьнь,n stem,Singular,Nominative,дь҆нь҆,etymological
дьнь,n stem,Singular,Nominative,дь҆нꙿ,etymological
имѧ,n stem,Singular,Nominative,имꙙ,etymological
имѧ,n stem,Singular,Nominative,имꙙ,etymological
имѧ,n stem,Singular,Nominative,и҅мꙙ,etymological
имѧ,n stem,Singular,Nominative,и҅мꙙ,etymological
имѧ,n stem,Singular,Nominative,и҅мꙙ,etymological
имѧ,n stem,Singular,Nominative,и҅мꙙ,etymological
имѧ,n stem,Singular,Nominative,и҅мꙙ,etymological
имѧ,n stem,Singular,Nominative,и҅мꙙ,etymological
имѧ,n stem,Singular,Nominative,и҅мꙙ,etymological
имѧ,n stem,Singular,Nominative,и҅мꙙ,etymological
имѧ,n stem,Singular,Nominative,и҅мꙙ,etymological
имѧ,n stem,Singular,Nominative,и҅мꙙ,etymological
имѧ,n stem,Singular,Nominative,и҅мꙙ,etymological
имѧ,n stem,Singular,Nominative,и҅мꙙ,etymological
имѧ,n stem,Singular,Nominative,и҅мꙙ,etymological
имѧ,n stem,Singular,Nominative,и҅мꙙ,etymological
имѧ,n stem,Singular,Nominative,и҅мꙙ,etymological
имѧ,n stem,Singular,Nominative,и҅мꙙ,etymological
имѧ,n stem,Singular,Nominative,и҅мꙙ,etymological
имѧ,n stem,Singular,Nominative,и҅мꙙ,etymological
имѧ,n stem,Singular,Nominative,и҅мꙙ,etymological
имѧ,n stem,Singular,Nominative,и҅мꙙ,etymological
имѧ,n stem,Singular,Nominative,и҅мꙙ,etymological
имѧ,n stem,Singular,Nominative,и҅мꙙ,etymological
имѧ,n stem,Singular,Nominative,и҅мꙙ,etymological
имѧ,n stem,Singular,Nominative,и҅мꙙ,etymological
имѧ,n stem,Singular,Nominative,и҅мꙙ,etymological
имѧ,n stem,Singular,Nominative,и҅мꙙ,etymological
имѧ,n stem,Singular,Nominative,и҅мꙙ,etymological
камꙑ,n stem,Singular,Nominative,камень҆,analogical
камꙑ,n stem,Singular,Nominative,камꙑ,etymological
камꙑ,n stem,Singular,Nominative,камꙑ,etymological
камꙑ,n stem,Singular,Nominative,камꙑ,etymological
камꙑ,n stem,Singular,Nominative,камꙑ,etymological
камꙑ,n stem,Singular,Nominative,камꙑ,etymological
камꙑ,n stem,Singular,Nominative,камꙑ,etymological
камꙑ,n stem,Singular,Nominative,камꙑ,etymological
камꙑ,n stem,Singular,Nominative,камꙑ,etymological
камꙑ,n stem,Singular,Nominative,камꙑ,etymological
камꙑ,n stem,Singular,Nominative,камꙑ,etymological
корень,n stem,Singular,Nominative,корень҆,analogical
корень,n stem,Singular,Nominative,корень҆,analogical
писмѧ,n stem,Singular,Nominative,писмꙙ,etymological
пламꙑ,n stem,Singular,Nominative,пламꙑ,etymological
пламꙑ,n stem,Singular,Nominative,пламꙑ,etymological
сѣмѧ,n stem,Singular,Nominative,сѣмꙙ,etymological
сѣмѧ,n stem,Singular,Nominative,сѣмꙙ,etymological
чисмѧ,n stem,Singular,Nominative,чисмꙙ,etymological
чисмѧ,n stem,Singular,Nominative,чисмꙙ,etymological
дъщи,r stems,Singular,Nominative,дъшти,etymological
дъщи,r stems,Singular,Nominative,дъшти,etymological
дъщи,r stems,Singular,Nominative,дь҆шти,etymological
мати,r stems,Singular,Nominative,мати,etymological
мати,r stems,Singular,Nominative,мати,etymological
мати,r stems,Singular,Nominative,мати,etymological
мати,r stems,Singular,Nominative,мати,etymological
мати,r stems,Singular,Nominative,мати,etymological
мати,r stems,Singular,Nominative,мати,etymological
мати,r stems,Singular,Nominative,мати,etymological
мати,r stems,Singular,Nominative,мати,etymological
мати,r stems,Singular,Nominative,мати,etymological
мати,r stems,Singular,Nominative,мати,etymological
мати,r stems,Singular,Nominative,мати,etymological
мати,r stems,Singular,Nominative,мати,etymological
мати,r stems,Singular,Nominative,мати,etymological
мати,r stems,Singular,Nominative,мати,etymological
мати,r stems,Singular,Nominative,мати,etymological
мати,r stems,Singular,Nominative,мати,etymological
мати,r stems,Singular,Nominative,мати,etymological
мати,r stems,Singular,Nominative,мати,etymological
мати,r stems,Singular,Nominative,мт꙯и,etymological
мати,r stems,Singular,Nominative,мт꙯и,etymological
коло,s stem,Singular,Nominative,коло,ambiguous
небо,s stem,Singular,Nominative,небо,ambiguous
небо,s stem,Singular,Nominative,небо,ambiguous
слово,s stem,Singular,Nominative,слово,ambiguous
слово,s stem,Singular,Nominative,слово,ambiguous
слово,s stem,Singular,Nominative,слово,ambiguous
слово,s stem,Singular,Nominative,слово,ambiguous
слово,s stem,Singular,Nominative,слово,ambiguous
слово,s stem,Singular,Nominative,слово,ambiguous
слово,s stem,Singular,Nominative,слово,ambiguous
слово,s stem,Singular,Nominative,слово,ambiguous
слово,s stem,Singular,Nominative,слово,ambiguous
слово,s stem,Singular,Nominative,слово,ambiguous
слово,s stem,Singular,Nominative,слово,ambiguous
слово,s stem,Singular,Nominative,слово,ambiguous
слово,s stem,Singular,Nominative,слово,ambiguous
слово,s stem,Singular,Nominative,слово,ambiguous
слово,s stem,Singular,Nominative,слово,ambiguous
слово,s stem,Singular,Nominative,слово,ambiguous
слово,s stem,Singular,Nominative,слово,ambiguous
слово,s stem,Singular,Nominative,слово,ambiguous
слово,s stem,Singular,Nominative,слово,ambiguous
слово,s stem,Singular,Nominative,слово,ambiguous
слово,s stem,Singular,Nominative,слово,ambiguous
слово,s stem,Singular,Nominative,слово,ambiguous
слово,s stem,Singular,Nominative,слово,ambiguous
слово,s stem,Singular,Nominative,слово,ambiguous
слово,s stem,Singular,Nominative,слово,ambiguous
слово,s stem,Singular,Nominative,слово,ambiguous
слово,s stem,Singular,Nominative,слово,ambiguous
слово,s stem,Singular,Nominative,слово,ambiguous
слово,s stem,Singular,Nominative,слово,ambiguous
слово,s stem,Singular,Nominative,слово,ambiguous
слово,s stem,Singular,Nominative,слово,ambiguous
слово,s stem,Singular,Nominative,слово,ambiguous
слово,s stem,Singular,Nominative,слово,ambiguous
слово,s stem,Singular,Nominative,слово,ambiguous
слово,s stem,Singular,Nominative,слово,ambiguous
слово,s stem,Singular,Nominative,слово,ambiguous
слово,s stem,Singular,Nominative,слово,ambiguous
слово,s stem,Singular,Nominative,слово,ambiguous
слово,s stem,Singular,Nominative,слово,ambiguous
слово,s stem,Singular,Nominative,слово,ambiguous
слово,s stem,Singular,Nominative,слово,ambiguous
слово,s stem,Singular,Nominative,слово,ambiguous
слово,s stem,Singular,Nominative,слово,ambiguous
слово,s stem,Singular,Nominative,слово,ambiguous
слово,s stem,Singular,Nominative,слово,ambiguous
слово,s stem,Singular,Nominative,слово,ambiguous
слово,s stem,Singular,Nominative,слово,ambiguous
слово,s stem,Singular,Nominative,слово,ambiguous
слово,s stem,Singular,Nominative,слово,ambiguous
слово,s stem,Singular,Nominative,слово,ambiguous
слово,s stem,Singular,Nominative,слово,ambiguous
слово,s stem,Singular,Nominative,слово,ambiguous
слово,s stem,Singular,Nominative,слово,ambiguous
слово,s stem,Singular,Nominative,слово,ambiguous
тѣло,s stem,Singular,Nominative,тѢло,ambiguous
тѣло,s stem,Singular,Nominative,тѣло,ambiguous
тѣло,s stem,Singular,Nominative,тѣло,ambiguous
тѣло,s stem,Singular,Nominative,тѣло,ambiguous
тѣло,s stem,Singular,Nominative,тѣло,ambiguous
тѣло,s stem,Singular,Nominative,тѣло,ambiguous
тѣло,s stem,Singular,Nominative,тѣло,ambiguous
тѣло,s stem,Singular,Nominative,тѣло,ambiguous
тѣло,s stem,Singular,Nominative,тѣло,ambiguous
тѣло,s stem,Singular,Nominative,тѣло,ambiguous
чоудо,s stem,Singular,Nominative,чоудо,ambiguous
чоудо,s stem,Singular,Nominative,чоудо,ambiguous
чоудо,s stem,Singular,Nominative,чоудо,ambiguous
чоудо,s stem,Singular,Nominative,чоудо,ambiguous
чоудо,s stem,Singular,Nominative,чоудо,ambiguous
чоудо,s stem,Singular,Nominative,чоудо,ambiguous
чоудо,s stem,Singular,Nominative,чоудо,ambiguous
чоудо,s stem,Singular,Nominative,чоудо,ambiguous
чоудо,s stem,Singular,Nominative,чоудо,ambiguous
чоудо,s stem,Singular,Nominative,чоудо,ambiguous
брѣмѧ,n stem,Singular,Accusative,брѣмꙙ,etymological
брѣмѧ,n stem,Singular,Accusative,брѣмꙙ,etymological
брѣмѧ,n stem,Singular,Accusative,брѣмꙙ,etymological
брѣмѧ,n stem,Singular,Accusative,брѣмꙙ,etymological
брѣмѧ,n stem,Singular,Accusative,брѣмꙙ,etymological
врѣмѧ,n stem,Singular,Accusative,врѢмꙙ,etymological
врѣмѧ,n stem,Singular,Accusative,врѣмꙙ,etymological
врѣмѧ,n stem,Singular,Accusative,врѣмꙙ,etymological
врѣмѧ,n stem,Singular,Accusative,врѣмꙙ,etymological
врѣмѧ,n stem,Singular,Accusative,врѣмꙙ,etymological
врѣмѧ,n stem,Singular,Accusative,врѣмꙙ,etymological
врѣмѧ,n stem,Singular,Accusative,врѣмꙙ,etymological
врѣмѧ,n stem,Singular,Accusative,врѣмꙙ,etymological
врѣмѧ,n stem,Singular,Accusative,врѣмꙙ,etymological
врѣмѧ,n stem,Singular,Accusative,врѣмꙙ,etymological
врѣмѧ,n stem,Singular,Accusative,врѣмꙙ,etymological
врѣмѧ,n stem,Singular,Accusative,врѣмꙙ,etymological
врѣмѧ,n stem,Singular,Accusative,врѣмꙙ,etymological
врѣмѧ,n stem,Singular,Accusative,врѣмꙙ,etymological
врѣмѧ,n stem,Singular,Accusative,врѣмꙙ,etymological
врѣмѧ,n stem,Singular,Accusative,врѣмꙙ,etymological
врѣмѧ,n stem,Singular,Accusative,врѣмꙙ,etymological
врѣмѧ,n stem,Singular,Accusative,врѣмꙙ,etymological
врѣмѧ,n stem,Singular,Accusative,врѣмꙙ,etymological
врѣмѧ,n stem,Singular,Accusative,врѣмꙙ,etymological
врѣмѧ,n stem,Singular,Accusative,врѣмꙙ,etymological
врѣмѧ,n stem,Singular,Accusative,врѣмꙙ,etymological
врѣмѧ,n stem,Singular,Accusative,врѣмꙙ,etymological
врѣмѧ,n stem,Singular,Accusative,врѣмꙙ,etymological
врѣмѧ,n stem,Singular,Accusative,врѣмꙙ,etymological
врѣмѧ,n stem,Singular,Accusative,врѣмꙙ,etymological
врѣмѧ,n stem,Singular,Accusative,врѣмꙙ,etymological
врѣмѧ,n stem,Singular,Accusative,врѣмꙙ,etymological
врѣмѧ,n stem,Singular,Accusative,врѣмꙙ,etymological
врѣмѧ,n stem,Singular,Accusative,врѣмꙙ,etymological
врѣмѧ,n stem,Singular,Accusative,врѣмꙙ,etymological
врѣмѧ,n stem,Singular,Accusative,врѣмꙙ,etymological
врѣмѧ,n stem,Singular,Accusative,врѣмꙙ,etymological
дьнь,n stem,Singular,Accusative,день,etymological
дьнь,n stem,Singular,Accusative,день,etymological
дьнь,n stem,Singular,Accusative,день,etymological
дьнь,n stem,Singular,Accusative,день҆,etymological
дьнь,n stem,Singular,Accusative,день҆,etymological
дьнь,n stem,Singular,Accusative,день҆,etymological
дьнь,n stem,Singular,Accusative,день҆,etymological
дьнь,n stem,Singular,Accusative,день҆,etymological
дьнь,n stem,Singular,Accusative,день҆,etymological
дьнь,n stem,Singular,Accusative,дьнъ,etymological
дьнь,n stem,Singular,Accusative,дьнь,etymological
дьнь,n stem,Singular,Accusative,дьнь,etymological
дьнь,n stem,Singular,Accusative,дьнь,etymological
дьнь,n stem,Singular,Accusative,дьнь,etymological
дьнь,n stem,Singular,Accusative,дьнь,etymological
дьнь,n stem,Singular,Accusative,дьнь,etymological
дьнь,n stem,Singular,Accusative,дьнь,etymological
дьнь,n stem,Singular,Accusative,дьнь,etymological
дьнь,n stem,Singular,Accusative,дьнь,etymological
дьнь,n stem,Singular,Accusative,дьнь,etymological
дьнь,n stem,Singular,Accusative,дьнь,etymological
дьнь,n stem,Singular,Accusative,дьнь,etymological
дьнь,n stem,Singular,Accusative,дьнь,etymological
дьнь,n stem,Singular,Accusative,дьнь҆,etymological
дьнь,n stem,Singular,Accusative,дьнь҆,etymological
дьнь,n stem,Singular,Accusative,дьнь҆,etymological
дьнь,n stem,Singular,Accusative,дьнь҆,etymological
дьнь,n stem,Singular,Accusative,дьнь҆,etymological
дьнь,n stem,Singular,Accusative,дьнь҆,etymological
дьнь,n stem,Singular,Accusative,дьнь҆,etymological
дьнь,n stem,Singular,Accusative,дьнь҆,etymological
дьнь,n stem,Singular,Accusative,дьнь҆,etymological
дьнь,n stem,Singular,Accusative,дьнь҆,etymological
дьнь,n stem,Singular,Accusative,дьнь҆,etymological
дьнь,n stem,Singular,Accusative,дьнь҆,etymological
дьнь,n stem,Singular,Accusative,дьнь҆,etymological
дьнь,n stem,Singular,Accusative,дьнь҆,etymological
дьнь,n stem,Singular,Accusative,дьнь҆,etymological
дьнь,n stem,Singular,Accusative,дьнь҆,etymological
дьнь,n stem,Singular,Accusative,дьнь҆,etymological
дьнь,n stem,Singular,Accusative,дьнь҆,etymological
дьнь,n stem,Singular,Accusative,дьнꙿ,etymological
дьнь,n stem,Singular,Accusative,дь҆,etymological
дьнь,n stem,Singular,Accusative,дь҆нь,etymological
дьнь,n stem,Singular,Accusative,дь҆нь,etymological
дьнь,n stem,Singular,Accusative,дь҆нь,etymological
дьнь,n stem,Singular,Accusative,дь҆нь,etymological
дьнь,n stem,Singular,Accusative,дь҆нь,etymological
дьнь,n stem,Singular,Accusative,дь҆нь҆,etymological
дьнь,n stem,Singular,Accusative,дь҆нь҆,etymological
дьнь,n stem,Singular,Accusative,дь҆нь҆,etymological
дьнь,n stem,Singular,Accusative,дь҆нь҆,etymological
дьнь,n stem,Singular,Accusative,дь҆нь҆,etymological
дьнь,n stem,Singular,Accusative,дь҆нь҆,etymological
дьнь,n stem,Singular,Accusative,дь҆нь҆,etymological
дьнь,n stem,Singular,Accusative,дь҆нь҆,etymological
дьнь,n stem,Singular,Accusative,дь҆нь҆,etymological
дьнь,n stem,Singular,Accusative,дь҆нь҆,etymological
дьнь,n stem,Singular,Accusative,дь҆нь҆,etymological
дьнь,n stem,Singular,Accusative,дь҆нь҆,etymological
дьнь,n stem,Singular,Accusative,дь҆нь҆,etymological
дьнь,n stem,Singular,Accusative,дь҆нь҆,etymological
дьнь,n stem,Singular,Accusative,дь҆нь҆,etymological
дьнь,n stem,Singular,Accusative,дь҆нь҆,etymological
дьнь,n stem,Singular,Accusative,дь҆нь҆,etymological
дьнь,n stem,Singular,Accusative,дь҆нь҆,etymological
дьнь,n stem,Singular,Accusative,дь҆нь҆,etymological
дьнь,n stem,Singular,Accusative,дь҆нь҆,etymological
дьнь,n stem,Singular,Accusative,дь҆нь҆,etymological
дьнь,n stem,Singular,Accusative,дь҆нь҆,etymological
дьнь,n stem,Singular,Accusative,дь҆нь҆,etymological
дьнь,n stem,Singular,Accusative,дь҆нь҆,etymological
дьнь,n stem,Singular,Accusative,дь҆нь҆,etymological
дьнь,n stem,Singular,Accusative,дꙿнь,etymological
имѧ,n stem,Singular,Accusative,имꙙ,etymological
имѧ,n stem,Singular,Accusative,имꙙ,etymological
имѧ,n stem,Singular,Accusative,имꙙ,etymological
имѧ,n stem,Singular,Accusative,и҅мꙙ,etymological
имѧ,n stem,Singular,Accusative,и҅мꙙ,etymological
имѧ,n stem,Singular,Accusative,и҅мꙙ,etymological
имѧ,n stem,Singular,Accusative,и҅мꙙ,etymological
имѧ,n stem,Singular,Accusative,и҅мꙙ,etymological
имѧ,n stem,Singular,Accusative,и҅мꙙ,etymological
имѧ,n stem,Singular,Accusative,и҅мꙙ,etymological
имѧ,n stem,Singular,Accusative,и҅мꙙ,etymological
имѧ,n stem,Singular,Accusative,и҅мꙙ,etymological
имѧ,n stem,Singular,Accusative,и҅мꙙ,etymological
имѧ,n stem,Singular,Accusative,и҅мꙙ,etymological
имѧ,n stem,Singular,Accusative,и҅мꙙ,etymological
имѧ,n stem,Singular,Accusative,и҅мꙙ,etymological
имѧ,n stem,Singular,Accusative,и҅мꙙ,etymological
имѧ,n stem,Singular,Accusative,и҅мꙙ,etymological
имѧ,n stem,Singular,Accusative,и҅мꙙ,etymological
имѧ,n stem,Singular,Accusative,и҅мꙙ,etymological
имѧ,n stem,Singular,Accusative,и҅мꙙ,etymological
имѧ,n stem,Singular,Accusative,и҅мꙙ,etymological
имѧ,n stem,Singular,Accusative,и҅мꙙ,etymological
имѧ,n stem,Singular,Accusative,и҅мꙙ,etymological
имѧ,n stem,Singular,Accusative,и҅мꙙ,etymological
имѧ,n stem,Singular,Accusative,и҅мꙙ,etymological
имѧ,n stem,Singular,Accusative,и҅мꙙ,etymological
имѧ,n stem,Singular,Accusative,и҅мꙙ,etymological
имѧ,n stem,Singular,Accusative,и҅мꙙ,etymological
имѧ,n stem,Singular,Accusative,и҅мꙙ,etymological
имѧ,n stem,Singular,Accusative,и҅мꙙ,etymological
имѧ,n stem,Singular,Accusative,и҅мꙙ,etymological
имѧ,n stem,Singular,Accusative,и҅мꙙ,etymological
имѧ,n stem,Singular,Accusative,и҅мꙙ,etymological
имѧ,n stem,Singular,Accusative,и҅мꙙ,etymological
имѧ,n stem,Singular,Accusative,и҅мꙙ,etymological
имѧ,n stem,Singular,Accusative,и҅мꙙ,etymological
имѧ,n stem,Singular,Accusative,и҅мꙙ,etymological
имѧ,n stem,Singular,Accusative,и҅мꙙ,etymological
имѧ,n stem,Singular,Accusative,и҅мꙙ,etymological
имѧ,n stem,Singular,Accusative,и҅мꙙ,etymological
имѧ,n stem,Singular,Accusative,и҅мꙙ,etymological
имѧ,n stem,Singular,Accusative,и҅мꙙ,etymological
имѧ,n stem,Singular,Accusative,и҅мꙙ,etymological
имѧ,n stem,Singular,Accusative,и҅мꙙ,etymological
имѧ,n stem,Singular,Accusative,и҅мꙙ,etymological
имѧ,n stem,Singular,Accusative,и҅мꙙ,etymological
имѧ,n stem,Singular,Accusative,и҅мꙙ,etymological
имѧ,n stem,Singular,Accusative,и҅мꙙ,etymological
имѧ,n stem,Singular,Accusative,и҅мꙙ,etymological
имѧ,n stem,Singular,Accusative,и҅мꙙ,etymological
имѧ,n stem,Singular,Accusative,и҅мꙙ,etymological
имѧ,n stem,Singular,Accusative,и҅мꙙ,etymological
имѧ,n stem,Singular,Accusative,и҅мꙙ,etymological
имѧ,n stem,Singular,Accusative,и҅мꙙ,etymological
имѧ,n stem,Singular,Accusative,и҅мꙙ,etymological
имѧ,n stem,Singular,Accusative,и҅мꙙ,etymological
имѧ,n stem,Singular,Accusative,и҅мꙙ,etymological
имѧ,n stem,Singular,Accusative,и҅мꙙ,etymological
имѧ,n stem,Singular,Accusative,и҅мꙙ,etymological
имѧ,n stem,Singular,Accusative,и҅мꙙ,etymological
имѧ,n stem,Singular,Accusative,и҅мꙙ,etymological
имѧ,n stem,Singular,Accusative,и҅мꙙ,etymological
имѧ,n stem,Singular,Accusative,и҅мꙙ,etymological
имѧ,n stem,Singular,Accusative,и҅мꙙ,etymological
имѧ,n stem,Singular,Accusative,и҅мꙙ,etymological
имѧ,n stem,Singular,Accusative,и҅мꙙ,etymological
имѧ,n stem,Singular,Accusative,и҅мꙙ,etymological
имѧ,n stem,Singular,Accusative,и҅мꙙ,etymological
имѧ,n stem,Singular,Accusative,и҅мꙙ,etymological
имѧ,n stem,Singular,Accusative,и҅мꙙ,etymological
имѧ,n stem,Singular,Accusative,и҅мꙙ,etymological
камꙑ,n stem,Singular,Accusative,камень,ambiguous
камꙑ,n stem,Singular,Accusative,камень,ambiguous
камꙑ,n stem,Singular,Accusative,камень҆,ambiguous
камꙑ,n stem,Singular,Accusative,камень҆,ambiguous
камꙑ,n stem,Singular,Accusative,камень҆,ambiguous
камꙑ,n stem,Singular,Accusative,камень҆,ambiguous
камꙑ,n stem,Singular,Accusative,камень҆,ambiguous
камꙑ,n stem,Singular,Accusative,камꙑ,analogical
камꙑ,n stem,Singular,Accusative,камꙑ,analogical
камꙑ,n stem,Singular,Accusative,камꙑ,analogical
камꙑ,n stem,Singular,Accusative,камꙑ,analogical
камꙑ,n stem,Singular,Accusative,камꙑ,analogical
писмѧ,n stem,Singular,Accusative,писмꙙ,etymological
пламꙑ,n stem,Singular,Accusative,пламень,ambiguous
пламꙑ,n stem,Singular,Accusative,пламъ,analogical
пламꙑ,n stem,Singular,Accusative,пламꙑ,analogical
сѣмѧ,n stem,Singular,Accusative,сѣмꙙ,etymological
чисмѧ,n stem,Singular,Accusative,чисмꙙ,etymological
дъщи,r stems,Singular,Accusative,дьштерь҆,ambiguous
дъщи,r stems,Singular,Accusative,дьштерь҆,ambiguous
дъщи,r stems,Singular,Accusative,дь҆штерь,ambiguous
дъщи,r stems,Singular,Accusative,дь҆штерь,ambiguous
дъщи,r stems,Singular,Accusative,дь҆штерь҆,ambiguous
мати,r stems,Singular,Accusative,матерь,ambiguous
мати,r stems,Singular,Accusative,матерь,ambiguous
мати,r stems,Singular,Accusative,матерь҆,ambiguous
мати,r stems,Singular,Accusative,матерь҆,ambiguous
небо,s stem,Singular,Accusative,небо,ambiguous
небо,s stem,Singular,Accusative,небо,ambiguous
небо,s stem,Singular,Accusative,небо,ambiguous
небо,s stem,Singular,Accusative,небо,ambiguous
небо,s stem,Singular,Accusative,небо,ambiguous
небо,s stem,Singular,Accusative,небо,ambiguous
небо,s stem,Singular,Accusative,небо,ambiguous
небо,s stem,Singular,Accusative,небо,ambiguous
небо,s stem,Singular,Accusative,небо,ambiguous
небо,s stem,Singular,Accusative,небо,ambiguous
небо,s stem,Singular,Accusative,небо,ambiguous
небо,s stem,Singular,Accusative,небо,ambiguous
небо,s stem,Singular,Accusative,небо,ambiguous
небо,s stem,Singular,Accusative,небо,ambiguous
небо,s stem,Singular,Accusative,небо,ambiguous
небо,s stem,Singular,Accusative,небо,ambiguous
небо,s stem,Singular,Accusative,небо,ambiguous
небо,s stem,Singular,Accusative,небо,ambiguous
небо,s stem,Singular,Accusative,небо,ambiguous
небо,s stem,Singular,Accusative,небо,ambiguous
небо,s stem,Singular,Accusative,небо,ambiguous
небо,s stem,Singular,Accusative,небо,ambiguous
небо,s stem,Singular,Accusative,небо,ambiguous
небо,s stem,Singular,Accusative,небо,ambiguous
небо,s stem,Singular,Accusative,небо,ambiguous
небо,s stem,Singular,Accusative,небо,ambiguous
небо,s stem,Singular,Accusative,небо,ambiguous
небо,s stem,Singular,Accusative,небо,ambiguous
небо,s stem,Singular,Accusative,небо,ambiguous
небо,s stem,Singular,Accusative,небо,ambiguous
небо,s stem,Singular,Accusative,небо,ambiguous
небо,s stem,Singular,Accusative,небо,ambiguous
небо,s stem,Singular,Accusative,небо,ambiguous
небо,s stem,Singular,Accusative,небо,ambiguous
небо,s stem,Singular,Accusative,небо,ambiguous
небо,s stem,Singular,Accusative,небо,ambiguous
небо,s stem,Singular,Accusative,небо,ambiguous
небо,s stem,Singular,Accusative,небо,ambiguous
небо,s stem,Singular,Accusative,небо,ambiguous
небо,s stem,Singular,Accusative,небо,ambiguous
небо,s stem,Singular,Accusative,небо,ambiguous
небо,s stem,Singular,Accusative,небо,ambiguous
небо,s stem,Singular,Accusative,небо,ambiguous
небо,s stem,Singular,Accusative,небо,ambiguous
небо,s stem,Singular,Accusative,небо,ambiguous
небо,s stem,Singular,Accusative,небо,ambiguous
небо,s stem,Singular,Accusative,небо,ambiguous
небо,s stem,Singular,Accusative,небо,ambiguous
небо,s stem,Singular,Accusative,небо,ambiguous
небо,s stem,Singular,Accusative,небо,ambiguous
небо,s stem,Singular,Accusative,небо,ambiguous
небо,s stem,Singular,Accusative,небо,ambiguous
небо,s stem,Singular,Accusative,небо,ambiguous
слово,s stem,Singular,Accusative,слово,ambiguous
слово,s stem,Singular,Accusative,слово,ambiguous
слово,s stem,Singular,Accusative,слово,ambiguous
слово,s stem,Singular,Accusative,слово,ambiguous
слово,s stem,Singular,Accusative,слово,ambiguous
слово,s stem,Singular,Accusative,слово,ambiguous
слово,s stem,Singular,Accusative,слово,ambiguous
слово,s stem,Singular,Accusative,слово,ambiguous
слово,s stem,Singular,Accusative,слово,ambiguous
слово,s stem,Singular,Accusative,слово,ambiguous
слово,s stem,Singular,Accusative,слово,ambiguous
слово,s stem,Singular,Accusative,слово,ambiguous
слово,s stem,Singular,Accusative,слово,ambiguous
слово,s stem,Singular,Accusative,слово,ambiguous
слово,s stem,Singular,Accusative,слово,ambiguous
слово,s stem,Singular,Accusative,слово,ambiguous
слово,s stem,Singular,Accusative,слово,ambiguous
слово,s stem,Singular,Accusative,слово,ambiguous
слово,s stem,Singular,Accusative,слово,ambiguous
слово,s stem,Singular,Accusative,слово,ambiguous
слово,s stem,Singular,Accusative,слово,ambiguous
слово,s stem,Singular,Accusative,слово,ambiguous
слово,s stem,Singular,Accusative,слово,ambiguous
слово,s stem,Singular,Accusative,слово,ambiguous
слово,s stem,Singular,Accusative,слово,ambiguous
слово,s stem,Singular,Accusative,слово,ambiguous
слово,s stem,Singular,Accusative,слово,ambiguous
слово,s stem,Singular,Accusative,слово,ambiguous
слово,s stem,Singular,Accusative,слово,ambiguous
слово,s stem,Singular,Accusative,слово,ambiguous
слово,s stem,Singular,Accusative,слово,ambiguous
слово,s stem,Singular,Accusative,слово,ambiguous
слово,s stem,Singular,Accusative,слово,ambiguous
слово,s stem,Singular,Accusative,слово,ambiguous
слово,s stem,Singular,Accusative,слово,ambiguous
слово,s stem,Singular,Accusative,слово,ambiguous
слово,s stem,Singular,Accusative,слово,ambiguous
слово,s stem,Singular,Accusative,слово,ambiguous
слово,s stem,Singular,Accusative,слово,ambiguous
слово,s stem,Singular,Accusative,слово,ambiguous
слово,s stem,Singular,Accusative,слово,ambiguous
слово,s stem,Singular,Accusative,слово,ambiguous
слово,s stem,Singular,Accusative,слово,ambiguous
слово,s stem,Singular,Accusative,слово,ambiguous
слово,s stem,Singular,Accusative,слово,ambiguous
тѣло,s stem,Singular,Accusative,тѣло,ambiguous
тѣло,s stem,Singular,Accusative,тѣло,ambiguous
тѣло,s stem,Singular,Accusative,тѣло,ambiguous
тѣло,s stem,Singular,Accusative,тѣло,ambiguous
тѣло,s stem,Singular,Accusative,тѣло,ambiguous
тѣло,s stem,Singular,Accusative,тѣло,ambiguous
тѣло,s stem,Singular,Accusative,тѣло,ambiguous
тѣло,s stem,Singular,Accusative,тѣло,ambiguous
тѣло,s stem,Singular,Accusative,тѣло,ambiguous
тѣло,s stem,Singular,Accusative,тѣло,ambiguous
тѣло,s stem,Singular,Accusative,тѣло,ambiguous
тѣло,s stem,Singular,Accusative,тѣло,ambiguous
тѣло,s stem,Singular,Accusative,тѣло,ambiguous
тѣло,s stem,Singular,Accusative,тѣло,ambiguous
тѣло,s stem,Singular,Accusative,тѣло,ambiguous
тѣло,s stem,Singular,Accusative,тѣло,ambiguous
тѣло,s stem,Singular,Accusative,тѣло,ambiguous
тѣло,s stem,Singular,Accusative,тѣло,ambiguous
тѣло,s stem,Singular,Accusative,тѣло,ambiguous
тѣло,s stem,Singular,Accusative,тѣло,ambiguous
тѣло,s stem,Singular,Accusative,тѣло,ambiguous
тѣло,s stem,Singular,Accusative,тѣло,ambiguous
тѣло,s stem,Singular,Accusative,тѣло,ambiguous
тѣло,s stem,Singular,Accusative,тѣло,ambiguous
тѣло,s stem,Singular,Accusative,тѣло,ambiguous
тѣло,s stem,Singular,Accusative,тѣло,ambiguous
тѣло,s stem,Singular,Accusative,тѣло,ambiguous
тѣло,s stem,Singular,Accusative,тѣло,ambiguous
тѣло,s stem,Singular,Accusative,тѣло,ambiguous
тѣло,s stem,Singular,Accusative,тѣло,ambiguous
тѣло,s stem,Singular,Accusative,тѣло,ambiguous
тѣло,s stem,Singular,Accusative,тѣло,ambiguous
тѣло,s stem,Singular,Accusative,тѣло,ambiguous
тѣло,s stem,Singular,Accusative,тѣло,ambiguous
тѣло,s stem,Singular,Accusative,тѣло,ambiguous
тѣло,s stem,Singular,Accusative,тѣло,ambiguous
тѣло,s stem,Singular,Accusative,тѣло,ambiguous
тѣло,s stem,Singular,Accusative,тѣло,ambiguous
тѣло,s stem,Singular,Accusative,тѣло,ambiguous
чоудо,s stem,Singular,Accusative,чоудо,ambiguous
чоудо,s stem,Singular,Accusative,чоудо,ambiguous
чоудо,s stem,Singular,Accusative,чоудо,ambiguous
чоудо,s stem,Singular,Accusative,чоудо,ambiguous
чоудо,s stem,Singular,Accusative,чоудо,ambiguous
чоудо,s stem,Singular,Accusative,чоудо,ambiguous
чоудо,s stem,Singular,Accusative,чоудо,ambiguous
чоудо,s stem,Singular,Accusative,чоудо,ambiguous
чоудо,s stem,Singular,Accusative,чоудо,ambiguous
чоудо,s stem,Singular,Accusative,чоудо,ambiguous
чоудо,s stem,Singular,Accusative,чоудо,ambiguous
чоудо,s stem,Singular,Accusative,чоудо,ambiguous
чоудо,s stem,Singular,Accusative,чоудо,ambiguous
чоудо,s stem,Singular,Accusative,чоудо,ambiguous
чоудо,s stem,Singular,Accusative,чоудо,ambiguous
чоудо,s stem,Singular,Accusative,чоудо,ambiguous
чоудо,s stem,Singular,Accusative,чоудо,ambiguous
брѣмѧ,n stem,Singular,Genitive,брѣмене,etymological
врѣмѧ,n stem,Singular,Genitive,врѣмене,etymological
врѣмѧ,n stem,Singular,Genitive,врѣмене,etymological
врѣмѧ,n stem,Singular,Genitive,врѣмене,etymological
врѣмѧ,n stem,Singular,Genitive,врѣмене,etymological
врѣмѧ,n stem,Singular,Genitive,врѣмене,etymological
врѣмѧ,n stem,Singular,Genitive,врѣмене,etymological
врѣмѧ,n stem,Singular,Genitive,врѣмене,etymological
врѣмѧ,n stem,Singular,Genitive,врѣмене,etymological
врѣмѧ,n stem,Singular,Genitive,врѣмене,etymological
врѣмѧ,n stem,Singular,Genitive,врѣмене,etymological
врѣмѧ,n stem,Singular,Genitive,врѣмене,etymological
врѣмѧ,n stem,Singular,Genitive,врѣмене,etymological
дьнь,n stem,Singular,Genitive,дьне,etymological
дьнь,n stem,Singular,Genitive,дьне,etymological
дьнь,n stem,Singular,Genitive,дьне,etymological
дьнь,n stem,Singular,Genitive,дьне,etymological
дьнь,n stem,Singular,Genitive,дьне,etymological
дьнь,n stem,Singular,Genitive,дьне,etymological
дьнь,n stem,Singular,Genitive,дьни,analogical
дьнь,n stem,Singular,Genitive,дь҆не,etymological
дьнь,n stem,Singular,Genitive,дь҆не,etymological
дьнь,n stem,Singular,Genitive,дь҆не,etymological
дьнь,n stem,Singular,Genitive,дь҆не,etymological
дьнь,n stem,Singular,Genitive,дь҆не,etymological
дьнь,n stem,Singular,Genitive,дь҆не,etymological
дьнь,n stem,Singular,Genitive,дь҆не,etymological
дьнь,n stem,Singular,Genitive,дь҆ни,analogical
дьнь,n stem,Singular,Genitive,дь҆ни,analogical
дьнь,n stem,Singular,Genitive,дь҆ни,analogical
дьнь,n stem,Singular,Genitive,дь҆ни,analogical
дьнь,n stem,Singular,Genitive,дь҆ни,analogical
дьнь,n stem,Singular,Genitive,дь҆ни,ambiguous
дьнь,n stem,Singular,Genitive,дь҆ни,ambiguous
дьнь,n stem,Singular,Genitive,дꙿне,etymological
имѧ,n stem,Singular,Genitive,и҅мене,etymological
имѧ,n stem,Singular,Genitive,и҅мене,etymological
имѧ,n stem,Singular,Genitive,и҅мене,etymological
имѧ,n stem,Singular,Genitive,и҅мене,etymological
имѧ,n stem,Singular,Genitive,и҅мене,etymological
имѧ,n stem,Singular,Genitive,и҅мене,etymological
имѧ,n stem,Singular,Genitive,и҅мене,etymological
имѧ,n stem,Singular,Genitive,и҅мене,etymological
имѧ,n stem,Singular,Genitive,и҅мене,etymological
имѧ,n stem,Singular,Genitive,и҅мене,etymological
имѧ,n stem,Singular,Genitive,и҅мене,etymological
имѧ,n stem,Singular,Genitive,и҅мене,etymological
имѧ,n stem,Singular,Genitive,и҅мене,etymological
имѧ,n stem,Singular,Genitive,и҅мени,analogical
камꙑ,n stem,Singular,Genitive,камене,etymological
камꙑ,n stem,Singular,Genitive,камене,etymological
камꙑ,n stem,Singular,Genitive,камене,etymological
камꙑ,n stem,Singular,Genitive,камене,etymological
камꙑ,n stem,Singular,Genitive,камени,analogical
корень,n stem,Singular,Genitive,корене,etymological
корень,n stem,Singular,Genitive,корене,etymological
корень,n stem,Singular,Genitive,корене,etymological
корень,n stem,Singular,Genitive,корене,etymological
корень,n stem,Singular,Genitive,корене,etymological
корень,n stem,Singular,Genitive,корене,etymological
племѧ,n stem,Singular,Genitive,племене,etymological
племѧ,n stem,Singular,Genitive,племене,etymological
сѣмѧ,n stem,Singular,Genitive,сѣмене,etymological
сѣмѧ,n stem,Singular,Genitive,сѣмене,etymological
сѣмѧ,n stem,Singular,Genitive,сѣмене,etymological
сѣмѧ,n stem,Singular,Genitive,сѣмене,etymological
сѣмѧ,n stem,Singular,Genitive,сѣмене,etymological
сѣмѧ,n stem,Singular,Genitive,сѣмене,etymological
чисмѧ,n stem,Singular,Genitive,чисмене,etymological
чисмѧ,n stem,Singular,Genitive,чисмене,etymological
чисмѧ,n stem,Singular,Genitive,чисмене,etymological
ѥлень,n stem,Singular,Genitive,е҅лен҄и,analogical
ѥлень,n stem,Singular,Genitive,ѥ҅лене,etymological
дъщи,r stems,Singular,Genitive,дь҆штере,etymological
мати,r stems,Singular,Genitive,матере,etymological
мати,r stems,Singular,Genitive,матере,etymological
мати,r stems,Singular,Genitive,матере,etymological
мати,r stems,Singular,Genitive,матере,etymological
мати,r stems,Singular,Genitive,матере,etymological
мати,r stems,Singular,Genitive,матере,etymological
мати,r stems,Singular,Genitive,матере,etymological
мати,r stems,Singular,Genitive,матере,etymological
мати,r stems,Singular,Genitive,матере,etymological
мати,r stems,Singular,Genitive,матере,etymological
мати,r stems,Singular,Genitive,матере,etymological
мати,r stems,Singular,Genitive,матере,etymological
мати,r stems,Singular,Genitive,матери,analogical
мати,r stems,Singular,Genitive,матери,analogical
небо,s stem,Singular,Genitive,нб꙯се,etymological
небо,s stem,Singular,Genitive,небесе,etymological
небо,s stem,Singular,Genitive,небесе,etymological
небо,s stem,Singular,Genitive,небесе,etymological
небо,s stem,Singular,Genitive,небесе,etymological
небо,s stem,Singular,Genitive,небесе,etymological
небо,s stem,Singular,Genitive,небесе,etymological
небо,s stem,Singular,Genitive,небесе,etymological
небо,s stem,Singular,Genitive,небесе,etymological
небо,s stem,Singular,Genitive,небесе,etymological
небо,s stem,Singular,Genitive,небесе,etymological
небо,s stem,Singular,Genitive,небесе,etymological
небо,s stem,Singular,Genitive,небесе,etymological
небо,s stem,Singular,Genitive,небесе,etymological
небо,s stem,Singular,Genitive,небесе,etymological
небо,s stem,Singular,Genitive,небесе,etymological
небо,s stem,Singular,Genitive,небесе,etymological
небо,s stem,Singular,Genitive,небесе,etymological
небо,s stem,Singular,Genitive,небесе,etymological
небо,s stem,Singular,Genitive,небесе,etymological
небо,s stem,Singular,Genitive,небесе,etymological
небо,s stem,Singular,Genitive,небесе,etymological
небо,s stem,Singular,Genitive,небесе,etymological
слово,s stem,Singular,Genitive,слова,analogical
слово,s stem,Singular,Genitive,слова,analogical
слово,s stem,Singular,Genitive,слова,analogical
слово,s stem,Singular,Genitive,слова,analogical
слово,s stem,Singular,Genitive,слова,analogical
слово,s stem,Singular,Genitive,слова,analogical
слово,s stem,Singular,Genitive,слова,analogical
слово,s stem,Singular,Genitive,слова,analogical
слово,s stem,Singular,Genitive,словесе,etymological
слово,s stem,Singular,Genitive,словесе,etymological
слово,s stem,Singular,Genitive,словесе,etymological
слово,s stem,Singular,Genitive,словесе,etymological
слово,s stem,Singular,Genitive,словесе,etymological
слово,s stem,Singular,Genitive,словесе,etymological
слово,s stem,Singular,Genitive,словесе,etymological
слово,s stem,Singular,Genitive,словесе,etymological
слово,s stem,Singular,Genitive,словесе,etymological
слово,s stem,Singular,Genitive,словесе,etymological
слово,s stem,Singular,Genitive,словесе,etymological
слово,s stem,Singular,Genitive,словесе,etymological
слово,s stem,Singular,Genitive,словесе,etymological
слово,s stem,Singular,Genitive,словесе,etymological
слово,s stem,Singular,Genitive,словесе,etymological
слово,s stem,Singular,Genitive,словесе,etymological
слово,s stem,Singular,Genitive,словесе,etymological
слово,s stem,Singular,Genitive,словесе,etymological
тѣло,s stem,Singular,Genitive,тѣла,analogical
тѣло,s stem,Singular,Genitive,тѣла,analogical
тѣло,s stem,Singular,Genitive,тѣла,analogical
тѣло,s stem,Singular,Genitive,тѣла,analogical
тѣло,s stem,Singular,Genitive,тѣла,analogical
тѣло,s stem,Singular,Genitive,тѣла,analogical
тѣло,s stem,Singular,Genitive,тѣла,analogical
тѣло,s stem,Singular,Genitive,тѣла,analogical
тѣло,s stem,Singular,Genitive,тѣла,analogical
тѣло,s stem,Singular,Genitive,тѣла,analogical
тѣло,s stem,Singular,Genitive,тѣла,analogical
тѣло,s stem,Singular,Genitive,тѣла,analogical
тѣло,s stem,Singular,Genitive,тѣла,analogical
тѣло,s stem,Singular,Genitive,тѣла,analogical
тѣло,s stem,Singular,Genitive,тѣла,analogical
тѣло,s stem,Singular,Genitive,тѣла,analogical
тѣло,s stem,Singular,Genitive,тѣла,analogical
тѣло,s stem,Singular,Genitive,тѣла,analogical
тѣло,s stem,Singular,Genitive,тѣла,analogical
тѣло,s stem,Singular,Genitive,тѣла,analogical
тѣло,s stem,Singular,Genitive,тѣлес,etymological
тѣло,s stem,Singular,Genitive,тѣлесе,etymological
тѣло,s stem,Singular,Genitive,тѣлесе,etymological
тѣло,s stem,Singular,Genitive,тѣлесе,etymological
тѣло,s stem,Singular,Genitive,тѣлесе,etymological
чоудо,s stem,Singular,Genitive,чоудесе,etymological
чоудо,s stem,Singular,Genitive,чоудесе,etymological
чоудо,s stem,Singular,Genitive,чоудесе,etymological
врѣмѧ,n stem,Singular,Dative,Врѣмени,etymological
врѣмѧ,n stem,Singular,Dative,врѣмени,etymological
врѣмѧ,n stem,Singular,Dative,врѣмени,etymological
врѣмѧ,n stem,Singular,Dative,врѣмени,etymological
врѣмѧ,n stem,Singular,Dative,врѧмени,etymological
дьнь,n stem,Singular,Dative,дни,etymological
дьнь,n stem,Singular,Dative,дьни,etymological
дьнь,n stem,Singular,Dative,дь҆ни,etymological
дьнь,n stem,Singular,Dative,дь҆ни,etymological
дьнь,n stem,Singular,Dative,дь҆ни,etymological
дьнь,n stem,Singular,Dative,дь҆ни,etymological
дьнь,n stem,Singular,Dative,дь҆ни,etymological
дьнь,n stem,Singular,Dative,дь҆нии,etymological
дьнь,n stem,Singular,Dative,дꙿни,etymological
имѧ,n stem,Singular,Dative,и҅мени,etymological
камꙑ,n stem,Singular,Dative,камени,etymological
камꙑ,n stem,Singular,Dative,камени,etymological
камꙑ,n stem,Singular,Dative,камени,etymological
пламꙑ,n stem,Singular,Dative,пламени,etymological
племѧ,n stem,Singular,Dative,племени,etymological
сѣмѧ,n stem,Singular,Dative,сѣмени,etymological
мати,r stems,Singular,Dative,матери,analogical
мати,r stems,Singular,Dative,матери,analogical
мати,r stems,Singular,Dative,матери,analogical
небо,s stem,Singular,Dative,небеси,etymological
небо,s stem,Singular,Dative,небеси,etymological
небо,s stem,Singular,Dative,небоу,analogical
слово,s stem,Singular,Dative,словеси,etymological
слово,s stem,Singular,Dative,словеси,etymological
слово,s stem,Singular,Dative,словеси,etymological
слово,s stem,Singular,Dative,словеси,etymological
слово,s stem,Singular,Dative,словеси,etymological
слово,s stem,Singular,Dative,словеси,etymological
слово,s stem,Singular,Dative,словеси,etymological
слово,s stem,Singular,Dative,словеси,etymological
слово,s stem,Singular,Dative,словеси,etymological
слово,s stem,Singular,Dative,словоу,analogical
слово,s stem,Singular,Dative,словоу,analogical
слово,s stem,Singular,Dative,словоу,analogical
слово,s stem,Singular,Dative,словоу,analogical
слово,s stem,Singular,Dative,словоу,analogical
тѣло,s stem,Singular,Dative,тѣлеси,etymological
тѣло,s stem,Singular,Dative,тѣлеси,etymological
тѣло,s stem,Singular,Dative,тѣлеси,etymological
тѣло,s stem,Singular,Dative,тѣлеси,etymological
тѣло,s stem,Singular,Dative,тѣлеси,etymological
тѣло,s stem,Singular,Dative,тѣлеси,etymological
тѣло,s stem,Singular,Dative,тѣлеси,etymological
тѣло,s stem,Singular,Dative,тѣлеси,etymological
тѣло,s stem,Singular,Dative,тѣлоу,analogical
тѣло,s stem,Singular,Dative,тѣлоу,analogical
тѣло,s stem,Singular,Dative,тѣлоу,analogical
тѣло,s stem,Singular,Dative,тѣлоу,analogical
тѣло,s stem,Singular,Dative,тѣлоу,analogical
тѣло,s stem,Singular,Dative,тѣлоу,analogical
тѣло,s stem,Singular,Dative,тѣлоу,analogical
тѣло,s stem,Singular,Dative,тѣлоу,analogical
тѣло,s stem,Singular,Dative,тѣлоу,analogical
тѣло,s stem,Singular,Dative,тѣлоу,analogical
чоудо,s stem,Singular,Dative,чоудеси,etymological
чоудо,s stem,Singular,Dative,чоудеси,etymological
чоудо,s stem,Singular,Dative,чоудеси,etymological
чоудо,s stem,Singular,Dative,чоудоу,analogical
брѣмѧ,n stem,Singular,Instrumental,брѣменемъ,ambiguous
дьнь,n stem,Singular,Instrumental,дь҆немъ,ambiguous
имѧ,n stem,Singular,Instrumental,именемь,ambiguous
имѧ,n stem,Singular,Instrumental,именемь҆,ambiguous
имѧ,n stem,Singular,Instrumental,и҅менемъ,ambiguous
имѧ,n stem,Singular,Instrumental,и҅менемъ,ambiguous
имѧ,n stem,Singular,Instrumental,и҅менемъ,ambiguous
имѧ,n stem,Singular,Instrumental,и҅менемъ,ambiguous
имѧ,n stem,Singular,Instrumental,и҅менемъ,ambiguous
имѧ,n stem,Singular,Instrumental,и҅менемъ,ambiguous
имѧ,n stem,Singular,Instrumental,и҅менемь,ambiguous
имѧ,n stem,Singular,Instrumental,и҅менемь,ambiguous
имѧ,n stem,Singular,Instrumental,и҅менемь,ambiguous
имѧ,n stem,Singular,Instrumental,и҅менемь,ambiguous
имѧ,n stem,Singular,Instrumental,и҅менемь,ambiguous
имѧ,n stem,Singular,Instrumental,и҅менемь,ambiguous
имѧ,n stem,Singular,Instrumental,и҅менемь,ambiguous
имѧ,n stem,Singular,Instrumental,и҅менемь,ambiguous
имѧ,n stem,Singular,Instrumental,и҅менемь,ambiguous
имѧ,n stem,Singular,Instrumental,и҅менемь,ambiguous
имѧ,n stem,Singular,Instrumental,и҅менемь,ambiguous
имѧ,n stem,Singular,Instrumental,и҅менемь,ambiguous
имѧ,n stem,Singular,Instrumental,и҅менемь,ambiguous
имѧ,n stem,Singular,Instrumental,и҅менемь҆,ambiguous
имѧ,n stem,Singular,Instrumental,и҅менемь҆,ambiguous
имѧ,n stem,Singular,Instrumental,и҅менемь҆,ambiguous
имѧ,n stem,Singular,Instrumental,и҅менемь҆,ambiguous
имѧ,n stem,Singular,Instrumental,и҅менемь҆,ambiguous
имѧ,n stem,Singular,Instrumental,и҅менемь҆,ambiguous
имѧ,n stem,Singular,Instrumental,и҅менемь҆,ambiguous
имѧ,n stem,Singular,Instrumental,и҅менемь҆,ambiguous
имѧ,n stem,Singular,Instrumental,и҅менемь҆,ambiguous
имѧ,n stem,Singular,Instrumental,и҅менемь҆,ambiguous
имѧ,n stem,Singular,Instrumental,и҅менемь҆,ambiguous
имѧ,n stem,Singular,Instrumental,и҅менемь҆,ambiguous
имѧ,n stem,Singular,Instrumental,и҅менемь҆,ambiguous
имѧ,n stem,Singular,Instrumental,и҅менемь҆,ambiguous
имѧ,n stem,Singular,Instrumental,и҅менемь҆,ambiguous
имѧ,n stem,Singular,Instrumental,и҅менемь҆,ambiguous
имѧ,n stem,Singular,Instrumental,и҅менемь҆,ambiguous
имѧ,n stem,Singular,Instrumental,и҅менемь҆,ambiguous
имѧ,n stem,Singular,Instrumental,и҅менемꙿ,ambiguous
имѧ,n stem,Singular,Instrumental,їменемь҆,ambiguous
пламꙑ,n stem,Singular,Instrumental,пламꙑмъ,analogical
племѧ,n stem,Singular,Instrumental,племенемъ,ambiguous
племѧ,n stem,Singular,Instrumental,племенемь҆,ambiguous
чисмѧ,n stem,Singular,Instrumental,чисменемъ,ambiguous
чисмѧ,n stem,Singular,Instrumental,чисменемь҆,ambiguous
мати,r stems,Singular,Instrumental,материѭ҄,ambiguous
мати,r stems,Singular,Instrumental,материѭ҄,ambiguous
мати,r stems,Singular,Instrumental,матерь҆ѭ҄,ambiguous
мати,r stems,Singular,Instrumental,матерь҆ѭ҄,ambiguous
мати,r stems,Singular,Instrumental,матерь҆ѭ҄,ambiguous
мати,r stems,Singular,Instrumental,мрь҆тиѭ҄,ambiguous
небо,s stem,Singular,Instrumental,небесемъ,etymological
небо,s stem,Singular,Instrumental,небесемь҆,etymological
слово,s stem,Singular,Instrumental,словесемъ,etymological
слово,s stem,Singular,Instrumental,словесемъ,etymological
слово,s stem,Singular,Instrumental,словесемъ,etymological
слово,s stem,Singular,Instrumental,словесемъ,etymological
слово,s stem,Singular,Instrumental,словесемь,etymological
слово,s stem,Singular,Instrumental,словесемь҆,etymological
слово,s stem,Singular,Instrumental,словесемь҆,etymological
слово,s stem,Singular,Instrumental,словесемь҆,etymological
слово,s stem,Singular,Instrumental,словесемь҆,etymological
слово,s stem,Singular,Instrumental,словесемь҆,etymological
слово,s stem,Singular,Instrumental,словесемь҆,etymological
слово,s stem,Singular,Instrumental,словесемь҆,etymological
слово,s stem,Singular,Instrumental,словомъ,analogical
слово,s stem,Singular,Instrumental,словомъ,analogical
слово,s stem,Singular,Instrumental,словомъ,analogical
слово,s stem,Singular,Instrumental,словомъ,analogical
слово,s stem,Singular,Instrumental,словомъ,analogical
слово,s stem,Singular,Instrumental,словомъ,analogical
слово,s stem,Singular,Instrumental,словомъ,analogical
слово,s stem,Singular,Instrumental,словомъ,analogical
слово,s stem,Singular,Instrumental,словомъ,analogical
слово,s stem,Singular,Instrumental,словомъ,analogical
слово,s stem,Singular,Instrumental,словомъ,analogical
слово,s stem,Singular,Instrumental,словомъ,analogical
слово,s stem,Singular,Instrumental,словомъ,analogical
слово,s stem,Singular,Instrumental,словомъ,analogical
слово,s stem,Singular,Instrumental,словомъ,analogical
слово,s stem,Singular,Instrumental,словомъ,analogical
слово,s stem,Singular,Instrumental,словомъ,analogical
слово,s stem,Singular,Instrumental,словомъ,analogical
слово,s stem,Singular,Instrumental,словомъ,analogical
слово,s stem,Singular,Instrumental,словомъ,analogical
слово,s stem,Singular,Instrumental,словомъ,analogical
слово,s stem,Singular,Instrumental,словомъ,analogical
слово,s stem,Singular,Instrumental,словомъ,analogical
слово,s stem,Singular,Instrumental,словомъ,analogical
слово,s stem,Singular,Instrumental,словомъ,analogical
слово,s stem,Singular,Instrumental,словомъ,analogical
слово,s stem,Singular,Instrumental,словомъ,analogical
слово,s stem,Singular,Instrumental,словомъ,analogical
слово,s stem,Singular,Instrumental,словомъ,analogical
слово,s stem,Singular,Instrumental,словомъ,analogical
слово,s stem,Singular,Instrumental,словомъ,analogical
слово,s stem,Singular,Instrumental,словомъ,analogical
слово,s stem,Singular,Instrumental,словомъ,analogical
слово,s stem,Singular,Instrumental,словомъ,analogical
слово,s stem,Singular,Instrumental,словомъ,analogical
слово,s stem,Singular,Instrumental,словомъ,analogical
слово,s stem,Singular,Instrumental,словомь,analogical
слово,s stem,Singular,Instrumental,словомь҆,analogical
слово,s stem,Singular,Instrumental,словомь҆,analogical
слово,s stem,Singular,Instrumental,словомь҆,analogical
слово,s stem,Singular,Instrumental,словомь҆,analogical
слово,s stem,Singular,Instrumental,словъмъ,analogical
слово,s stem,Singular,Instrumental,словъмъ,analogical
тѣло,s stem,Singular,Instrumental,тѣлесемь,etymological
тѣло,s stem,Singular,Instrumental,тѣломъ,analogical
тѣло,s stem,Singular,Instrumental,тѣломъ,analogical
тѣло,s stem,Singular,Instrumental,тѣломъ,analogical
тѣло,s stem,Singular,Instrumental,тѣломъ,analogical
тѣло,s stem,Singular,Instrumental,тѣломъ,analogical
тѣло,s stem,Singular,Instrumental,тѣломъ,analogical
тѣло,s stem,Singular,Instrumental,тѣломъ,analogical
тѣло,s stem,Singular,Instrumental,тѣломъ,analogical
тѣло,s stem,Singular,Instrumental,тѣломъ,analogical
тѣло,s stem,Singular,Instrumental,тѣломъ,analogical
тѣло,s stem,Singular,Instrumental,тѣломъ,analogical
тѣло,s stem,Singular,Instrumental,тѣломъ,analogical
тѣло,s stem,Singular,Instrumental,тѣломь,analogical
чоудо,s stem,Singular,Instrumental,чоудесьмь,etymological
брѣмѧ,n stem,Singular,Locative,брѣмене,ambiguous
врѣмѧ,n stem,Singular,Locative,врѣмени,ambiguous
врѣмѧ,n stem,Singular,Locative,врѣмени,ambiguous
врѣмѧ,n stem,Singular,Locative,врѣмени,ambiguous
врѣмѧ,n stem,Singular,Locative,врѣмени,ambiguous
дьнь,n stem,Singular,Locative,дни,ambiguous
дьнь,n stem,Singular,Locative,дьни,ambiguous
дьнь,n stem,Singular,Locative,дь҆ни,ambiguous
имѧ,n stem,Singular,Locative,и҅мени,ambiguous
имѧ,n stem,Singular,Locative,и҅мени,ambiguous
имѧ,n stem,Singular,Locative,и҅мени,ambiguous
имѧ,n stem,Singular,Locative,и҅мени,ambiguous
имѧ,n stem,Singular,Locative,и҅мени,ambiguous
камꙑ,n stem,Singular,Locative,камени,ambiguous
камꙑ,n stem,Singular,Locative,камени,ambiguous
камꙑ,n stem,Singular,Locative,камени,ambiguous
пламꙑ,n stem,Singular,Locative,пламени,ambiguous
пламꙑ,n stem,Singular,Locative,пламени,ambiguous
сѣмѧ,n stem,Singular,Locative,сѣмени,ambiguous
коло,s stem,Singular,Locative,колеси,ambiguous
небо,s stem,Singular,Locative,небеси,ambiguous
небо,s stem,Singular,Locative,небеси,ambiguous
небо,s stem,Singular,Locative,небеси,ambiguous
небо,s stem,Singular,Locative,небеси,ambiguous
небо,s stem,Singular,Locative,небеси,ambiguous
небо,s stem,Singular,Locative,небеси,ambiguous
небо,s stem,Singular,Locative,небеси,ambiguous
небо,s stem,Singular,Locative,небеси,ambiguous
небо,s stem,Singular,Locative,небеси,ambiguous
небо,s stem,Singular,Locative,небеси,ambiguous
небо,s stem,Singular,Locative,небеси,ambiguous
небо,s stem,Singular,Locative,небеси,ambiguous
небо,s stem,Singular,Locative,небеси,ambiguous
слово,s stem,Singular,Locative,словеси,ambiguous
тѣло,s stem,Singular,Locative,тѣлеси,ambiguous
тѣло,s stem,Singular,Locative,тѣлеси,ambiguous
чоудо,s stem,Singular,Locative,чоудеси,ambiguous
чоудо,s stem,Singular,Locative,чоудеси,ambiguous
дъщи,r stems,Singular,Vocative,дь҆шти,etymological
дъщи,r stems,Singular,Vocative,дь҆шті,etymological
чоудо,s stem,Singular,Vocative,чоудо,ambiguous
дьнь,n stem,Dual,Nominative,дьни,ambiguous
имѧ,n stem,Dual,Nominative,и҅мени,ambiguous
ѥлень,n stem,Dual,Nominative,е҅лени,ambiguous
ѥлень,n stem,Dual,Nominative,ѥ҅лениі,ambiguous
тѣло,s stem,Dual,Nominative,тѣлесѣ,etymological
дьнь,n stem,Dual,Accusative,дьни,etymological
дьнь,n stem,Dual,Accusative,дьни,etymological
дьнь,n stem,Dual,Accusative,дь҆ни,etymological
дьнь,n stem,Dual,Accusative,дь҆ни,etymological
ѥлень,n stem,Dual,Accusative,ѥ҅лени,etymological
тѣло,s stem,Dual,Accusative,тѣлеси,analogical
тѣло,s stem,Dual,Accusative,тѣлесѣ,etymological
тѣло,s stem,Dual,Accusative,тѣлесѣ,etymological
тѣло,s stem,Dual,Accusative,тѣлесѣ,etymological
тѣло,s stem,Dual,Accusative,тѣлесѣ,etymological
тѣло,s stem,Dual,Accusative,тѣлесѣ,etymological
ѥлень,n stem,Dual,Genitive,ѥ҅лению,ambiguous
ѥлень,n stem,Dual,Genitive,ѥ҅лению҄,ambiguous
тѣло,s stem,Dual,Genitive,тѣлесоу,etymological
ѥлень,n stem,Dual,Dative,е҅лень҆ма,ambiguous
дьнь,n stem,Dual,Locative,дь҆нию҄,etymological
дьнь,n stem,Dual,Locative,дь҆нию҄,etymological
дьнь,n stem,Dual,Locative,дь҆нь҆ю҄,etymological
дьнь,n stem,Plural,Nominative,дь҆ниѥ,analogical
имѧ,n stem,Plural,Nominative,и҅мена,etymological
имѧ,n stem,Plural,Nominative,и҅мена,etymological
имѧ,n stem,Plural,Nominative,и҅мена,etymological
имѧ,n stem,Plural,Nominative,и҅мена,etymological
имѧ,n stem,Plural,Nominative,и҅мена,etymological
мати,r stems,Plural,Nominative,матери,etymological
небо,s stem,Plural,Nominative,небеса,etymological
небо,s stem,Plural,Nominative,небеса,etymological
слово,s stem,Plural,Nominative,словеса,etymological
слово,s stem,Plural,Nominative,словеса,etymological
слово,s stem,Plural,Nominative,словеса,etymological
слово,s stem,Plural,Nominative,словеса,etymological
слово,s stem,Plural,Nominative,словеса,etymological
слово,s stem,Plural,Nominative,словеса,etymological
слово,s stem,Plural,Nominative,словеса,etymological
слово,s stem,Plural,Nominative,словеса,etymological
слово,s stem,Plural,Nominative,словеса,etymological
слово,s stem,Plural,Nominative,словеса,etymological
слово,s stem,Plural,Nominative,словеса,etymological
слово,s stem,Plural,Nominative,словеса,etymological
слово,s stem,Plural,Nominative,словеса,etymological
слово,s stem,Plural,Nominative,словеса,etymological
слово,s stem,Plural,Nominative,словеса,etymological
тѣло,s stem,Plural,Nominative,тѣлеса,etymological
тѣло,s stem,Plural,Nominative,тѣлеса,etymological
тѣло,s stem,Plural,Nominative,тѣлеса,etymological
тѣло,s stem,Plural,Nominative,тѣлеса,etymological
тѣло,s stem,Plural,Nominative,тѣлеса,etymological
тѣло,s stem,Plural,Nominative,тѣлеса,etymological
тѣло,s stem,Plural,Nominative,тѣлеса,etymological
чоудо,s stem,Plural,Nominative,чоудеса,etymological
чоудо,s stem,Plural,Nominative,чоудеса,etymological
чоудо,s stem,Plural,Nominative,чоудеса,etymological
чоудо,s stem,Plural,Nominative,чоудеса,etymological
чоудо,s stem,Plural,Nominative,чоудеса,etymological
чоудо,s stem,Plural,Nominative,чоудеса,etymological
чоудо,s stem,Plural,Nominative,чоудеса,etymological
чоудо,s stem,Plural,Nominative,чоудеса,etymological
брѣмѧ,n stem,Plural,Accusative,брѣмена,etymological
брѣмѧ,n stem,Plural,Accusative,брѣмена,etymological
врѣмѧ,n stem,Plural,Accusative,врѣмена,etymological
врѣмѧ,n stem,Plural,Accusative,врѣмена,etymological
врѣмѧ,n stem,Plural,Accusative,врѣмена,etymological
врѣмѧ,n stem,Plural,Accusative,врѣмена,etymological
врѣмѧ,n stem,Plural,Accusative,врѣмена,etymological
врѣмѧ,n stem,Plural,Accusative,врѣмена,etymological
дьнь,n stem,Plural,Accusative,дни,etymological
дьнь,n stem,Plural,Accusative,дни,etymological
дьнь,n stem,Plural,Accusative,дни,etymological
дьнь,n stem,Plural,Accusative,дни,etymological
дьнь,n stem,Plural,Accusative,дни,etymological
дьнь,n stem,Plural,Accusative,дни,etymological
дьнь,n stem,Plural,Accusative,дьни,etymological
дьнь,n stem,Plural,Accusative,дьни,etymological
дьнь,n stem,Plural,Accusative,дьни,etymological
дьнь,n stem,Plural,Accusative,дьни,etymological
дьнь,n stem,Plural,Accusative,дьни,etymological
дьнь,n stem,Plural,Accusative,дь҆ни,etymological
дьнь,n stem,Plural,Accusative,дь҆ни,etymological
дьнь,n stem,Plural,Accusative,дь҆ни,etymological
дьнь,n stem,Plural,Accusative,дь҆ни,etymological
дьнь,n stem,Plural,Accusative,дь҆ни,etymological
дьнь,n stem,Plural,Accusative,дь҆ни,etymological
дьнь,n stem,Plural,Accusative,дь҆ни,etymological
дьнь,n stem,Plural,Accusative,дь҆ни,etymological
дьнь,n stem,Plural,Accusative,дь҆ни,etymological
дьнь,n stem,Plural,Accusative,дь҆ни,etymological
дьнь,n stem,Plural,Accusative,дь҆ни,etymological
дьнь,n stem,Plural,Accusative,дь҆ни,etymological
дьнь,n stem,Plural,Accusative,дь҆ни,etymological
дьнь,n stem,Plural,Accusative,дь҆ни,etymological
дьнь,n stem,Plural,Accusative,дь҆ни,etymological
дьнь,n stem,Plural,Accusative,дь҆ни,etymological
дьнь,n stem,Plural,Accusative,дь҆ни,etymological
дьнь,n stem,Plural,Accusative,дь҆ни,etymological
дьнь,n stem,Plural,Accusative,дꙿни,etymological
дьнь,n stem,Plural,Accusative,дꙿни,etymological
дьнь,n stem,Plural,Accusative,дꙿни,etymological
имѧ,n stem,Plural,Accusative,и҅мена,etymological
имѧ,n stem,Plural,Accusative,и҅мена,etymological
имѧ,n stem,Plural,Accusative,и҅мена,etymological
имѧ,n stem,Plural,Accusative,и҅мена,etymological
писмѧ,n stem,Plural,Accusative,писмена,etymological
писмѧ,n stem,Plural,Accusative,писмена,etymological
дъщи,r stems,Plural,Accusative,дьштери,etymological
дъщи,r stems,Plural,Accusative,дьштери,etymological
дъщи,r stems,Plural,Accusative,дь҆штери,etymological
коло,s stem,Plural,Accusative,кола,analogical
небо,s stem,Plural,Accusative,небеса,etymological
небо,s stem,Plural,Accusative,небеса,etymological
небо,s stem,Plural,Accusative,небеса,etymological
небо,s stem,Plural,Accusative,небеса,etymological
небо,s stem,Plural,Accusative,небеса,etymological
небо,s stem,Plural,Accusative,небеса,etymological
небо,s stem,Plural,Accusative,небеса,etymological
слово,s stem,Plural,Accusative,словеса,etymological
слово,s stem,Plural,Accusative,словеса,etymological
слово,s stem,Plural,Accusative,словеса,etymological
слово,s stem,Plural,Accusative,словеса,etymological
слово,s stem,Plural,Accusative,словеса,etymological
слово,s stem,Plural,Accusative,словеса,etymological
слово,s stem,Plural,Accusative,словеса,etymological
слово,s stem,Plural,Accusative,словеса,etymological
слово,s stem,Plural,Accusative,словеса,etymological
слово,s stem,Plural,Accusative,словеса,etymological
слово,s stem,Plural,Accusative,словеса,etymological
слово,s stem,Plural,Accusative,словеса,etymological
слово,s stem,Plural,Accusative,словеса,etymological
слово,s stem,Plural,Accusative,словеса,etymological
слово,s stem,Plural,Accusative,словеса,etymological
слово,s stem,Plural,Accusative,словеса,etymological
слово,s stem,Plural,Accusative,словеса,etymological
слово,s stem,Plural,Accusative,словеса,etymological
слово,s stem,Plural,Accusative,словеса,etymological
слово,s stem,Plural,Accusative,словеса,etymological
слово,s stem,Plural,Accusative,словеса,etymological
тѣло,s stem,Plural,Accusative,тѢлеса,etymological
тѣло,s stem,Plural,Accusative,тѢлеса,etymological
тѣло,s stem,Plural,Accusative,тѢлеса,etymological
тѣло,s stem,Plural,Accusative,тѢлеса,etymological
тѣло,s stem,Plural,Accusative,тѣлеса,etymological
тѣло,s stem,Plural,Accusative,тѣлеса,etymological
тѣло,s stem,Plural,Accusative,тѣлеса,etymological
тѣло,s stem,Plural,Accusative,тѣлеса,etymological
тѣло,s stem,Plural,Accusative,тѣлеса,etymological
тѣло,s stem,Plural,Accusative,тѣлеса,etymological
тѣло,s stem,Plural,Accusative,тѣлеса,etymological
тѣло,s stem,Plural,Accusative,тѣлеса,etymological
тѣло,s stem,Plural,Accusative,тѣлеса,etymological
тѣло,s stem,Plural,Accusative,тѣлеса,etymological
чоудо,s stem,Plural,Accusative,чоудеса,etymological
чоудо,s stem,Plural,Accusative,чоудеса,etymological
чоудо,s stem,Plural,Accusative,чоудеса,etymological
чоудо,s stem,Plural,Accusative,чоудеса,etymological
чоудо,s stem,Plural,Accusative,чоудеса,etymological
чоудо,s stem,Plural,Accusative,чоудеса,etymological
чоудо,s stem,Plural,Accusative,чоудеса,etymological
чоудо,s stem,Plural,Accusative,чоудеса,etymological
чоудо,s stem,Plural,Accusative,чоудеса,etymological
чоудо,s stem,Plural,Accusative,чоудеса,etymological
чоудо,s stem,Plural,Accusative,чоудеса,etymological
чоудо,s stem,Plural,Accusative,чоудеса,etymological
чоудо,s stem,Plural,Accusative,чоудеса,etymological
чоудо,s stem,Plural,Accusative,чоудеса,etymological
чоудо,s stem,Plural,Accusative,чоудеса,etymological
чоудо,s stem,Plural,Accusative,чоудеса,etymological
чоудо,s stem,Plural,Accusative,чоудеса,etymological
чоудо,s stem,Plural,Accusative,чоудеса,etymological
чоудо,s stem,Plural,Accusative,чоудеса,etymological
чоудо,s stem,Plural,Accusative,чоудеса,etymological
чоудо,s stem,Plural,Accusative,чоудеса,etymological
чоудо,s stem,Plural,Accusative,чоудеса,etymological
чоудо,s stem,Plural,Accusative,чоудеса,etymological
чоудо,s stem,Plural,Accusative,чоудеса,etymological
чоудо,s stem,Plural,Accusative,чоудеса,etymological
чоудо,s stem,Plural,Accusative,чоудеса,etymological
чоудо,s stem,Plural,Accusative,чоудеса,etymological
чоудо,s stem,Plural,Accusative,чоудеса,etymological
чоудо,s stem,Plural,Accusative,чоудеса,etymological
чоудо,s stem,Plural,Accusative,чꙋдеса,etymological
дьнь,n stem,Plural,Genitive,днии҆,analogical
дьнь,n stem,Plural,Genitive,днии҆,analogical
дьнь,n stem,Plural,Genitive,днии҆,analogical
дьнь,n stem,Plural,Genitive,дьнии,analogical
дьнь,n stem,Plural,Genitive,дьнии,analogical
дьнь,n stem,Plural,Genitive,дьнии,analogical
дьнь,n stem,Plural,Genitive,дьнии,analogical
дьнь,n stem,Plural,Genitive,дьнии҆,analogical
дьнь,n stem,Plural,Genitive,дьнии҆,analogical
дьнь,n stem,Plural,Genitive,дьнии҆,analogical
дьнь,n stem,Plural,Genitive,дьнии҆,analogical
дьнь,n stem,Plural,Genitive,дьниї,analogical
дьнь,n stem,Plural,Genitive,дьниї,analogical
дьнь,n stem,Plural,Genitive,дьнь҆,etymological
дьнь,n stem,Plural,Genitive,дь҆нии,analogical
дьнь,n stem,Plural,Genitive,дь҆нии,analogical
дьнь,n stem,Plural,Genitive,дь҆нии,analogical
дьнь,n stem,Plural,Genitive,дь҆нии҆,analogical
дьнь,n stem,Plural,Genitive,дь҆нии҆,analogical
дьнь,n stem,Plural,Genitive,дь҆нии҆,analogical
дьнь,n stem,Plural,Genitive,дь҆ниї,analogical
дьнь,n stem,Plural,Genitive,дь҆ниї,analogical
дьнь,n stem,Plural,Genitive,дь҆ниї,analogical
дьнь,n stem,Plural,Genitive,дь҆ниї,analogical
дьнь,n stem,Plural,Genitive,дь҆ниї,analogical
дьнь,n stem,Plural,Genitive,дь҆нь,etymological
дьнь,n stem,Plural,Genitive,дꙿнии,analogical
дьнь,n stem,Plural,Genitive,дꙿнии҆,analogical
дьнь,n stem,Plural,Genitive,дꙿниї,analogical
имѧ,n stem,Plural,Genitive,и҅менъ,etymological
коло,s stem,Plural,Genitive,колъ,analogical
небо,s stem,Plural,Genitive,небесъ,etymological
небо,s stem,Plural,Genitive,небесъ,etymological
небо,s stem,Plural,Genitive,небесъ,etymological
небо,s stem,Plural,Genitive,небесъ,etymological
слово,s stem,Plural,Genitive,словес,etymological
слово,s stem,Plural,Genitive,словесъ,etymological
слово,s stem,Plural,Genitive,словесъ,etymological
слово,s stem,Plural,Genitive,словесъ,etymological
слово,s stem,Plural,Genitive,словесъ,etymological
слово,s stem,Plural,Genitive,словесъ,etymological
слово,s stem,Plural,Genitive,словесъ,etymological
слово,s stem,Plural,Genitive,словесъ,etymological
слово,s stem,Plural,Genitive,словесъ,etymological
слово,s stem,Plural,Genitive,словесъ,etymological
слово,s stem,Plural,Genitive,словесъ,etymological
слово,s stem,Plural,Genitive,словесъ,etymological
слово,s stem,Plural,Genitive,словесъ,etymological
слово,s stem,Plural,Genitive,словесъ,etymological
слово,s stem,Plural,Genitive,словесъ,etymological
слово,s stem,Plural,Genitive,словесъ,etymological
слово,s stem,Plural,Genitive,словесъ,etymological
слово,s stem,Plural,Genitive,словесь҆,etymological
слово,s stem,Plural,Genitive,словесь҆,etymological
тѣло,s stem,Plural,Genitive,тѣлесъ,etymological
тѣло,s stem,Plural,Genitive,тѣлесъ,etymological
тѣло,s stem,Plural,Genitive,тѣлесъ,etymological
тѣло,s stem,Plural,Genitive,тѣлесъ,etymological
тѣло,s stem,Plural,Genitive,тѣлесъ,etymological
тѣло,s stem,Plural,Genitive,тѣлесъ,etymological
чоудо,s stem,Plural,Genitive,чоудесъ,etymological
чоудо,s stem,Plural,Genitive,чоудесъ,etymological
чоудо,s stem,Plural,Genitive,чоудесъ,etymological
чоудо,s stem,Plural,Genitive,чоудесъ,etymological
чоудо,s stem,Plural,Genitive,чоудесъ,etymological
чоудо,s stem,Plural,Genitive,чоудесъ,etymological
чоудо,s stem,Plural,Genitive,чоудесъ,etymological
чоудо,s stem,Plural,Genitive,чоудесъ,etymological
чоудо,s stem,Plural,Genitive,чоудесъ,etymological
чоудо,s stem,Plural,Genitive,чоудесъ,etymological
чоудо,s stem,Plural,Genitive,чоудесъ,etymological
чоудо,s stem,Plural,Genitive,чоудесъ,etymological
чоудо,s stem,Plural,Genitive,чоудесъ,etymological
дьнь,n stem,Plural,Dative,дьнемъ,ambiguous
дьнь,n stem,Plural,Dative,дь҆немь҆,ambiguous
дьнь,n stem,Plural,Dative,дь҆немь҆,ambiguous
мати,r stems,Plural,Dative,матеремъ,etymological
мати,r stems,Plural,Dative,матеремъ,etymological
мати,r stems,Plural,Dative,матеремь҆,etymological
небо,s stem,Plural,Dative,небесемъ,etymological
слово,s stem,Plural,Dative,словесемъ,etymological
слово,s stem,Plural,Dative,словесемъ,etymological
слово,s stem,Plural,Dative,словесемъ,etymological
слово,s stem,Plural,Dative,словесемь҆,etymological
слово,s stem,Plural,Dative,словесемь҆,etymological
тѣло,s stem,Plural,Dative,тѣлесемъ,etymological
тѣло,s stem,Plural,Dative,тѣлесемъ,etymological
тѣло,s stem,Plural,Dative,тѣломъ,analogical
чоудо,s stem,Plural,Dative,чоудесемъ,etymological
чоудо,s stem,Plural,Dative,чоудесемъ,etymological
чоудо,s stem,Plural,Dative,чоудесемъ,etymological
чоудо,s stem,Plural,Dative,чоудесемъ,etymological
чоудо,s stem,Plural,Dative,чоудесемъ,etymological
чоудо,s stem,Plural,Dative,чоудесемъ,etymological
чоудо,s stem,Plural,Dative,чоудесемь҆,etymological
чоудо,s stem,Plural,Dative,чоудесемь҆,etymological
чоудо,s stem,Plural,Dative,чоудесемь҆,etymological
дьнь,n stem,Plural,Instrumental,дьнь҆ми,ambiguous
дьнь,n stem,Plural,Instrumental,дь҆нь҆ми,ambiguous
степень,n stem,Plural,Instrumental,степень҆ми,etymological
дъщи,r stems,Plural,Instrumental,дь҆штерми,etymological
небо,s stem,Plural,Instrumental,небесꙑ,etymological
слово,s stem,Plural,Instrumental,словесъи,etymological
слово,s stem,Plural,Instrumental,словесꙑ,etymological
слово,s stem,Plural,Instrumental,словесꙑ,etymological
слово,s stem,Plural,Instrumental,словесꙑ,etymological
слово,s stem,Plural,Instrumental,словесꙑ,etymological
слово,s stem,Plural,Instrumental,словесꙑ,etymological
слово,s stem,Plural,Instrumental,словесꙑ,etymological
слово,s stem,Plural,Instrumental,словесꙑ,etymological
слово,s stem,Plural,Instrumental,словесꙑ,etymological
слово,s stem,Plural,Instrumental,словесꙑ,etymological
слово,s stem,Plural,Instrumental,словесꙑ,etymological
слово,s stem,Plural,Instrumental,словесꙑ,etymological
слово,s stem,Plural,Instrumental,словесꙑ,etymological
слово,s stem,Plural,Instrumental,словесꙑ,etymological
слово,s stem,Plural,Instrumental,словесꙑ,etymological
слово,s stem,Plural,Instrumental,словесꙑ,etymological
слово,s stem,Plural,Instrumental,словесꙑ,etymological
слово,s stem,Plural,Instrumental,словесꙑ,etymological
слово,s stem,Plural,Instrumental,словесꙑ,etymological
слово,s stem,Plural,Instrumental,словесꙑ,etymological
слово,s stem,Plural,Instrumental,словесꙑ,etymological
слово,s stem,Plural,Instrumental,словесꙑ,etymological
слово,s stem,Plural,Instrumental,словесꙑ,etymological
слово,s stem,Plural,Instrumental,словесꙑ,etymological
слово,s stem,Plural,Instrumental,словесꙑ,etymological
слово,s stem,Plural,Instrumental,словесꙑ,etymological
слово,s stem,Plural,Instrumental,словесꙑ,etymological
слово,s stem,Plural,Instrumental,словесꙑ,etymological
слово,s stem,Plural,Instrumental,словесꙑ,etymological
слово,s stem,Plural,Instrumental,словесꙑ,etymological
тѣло,s stem,Plural,Instrumental,тѣлесꙑ,etymological
чоудо,s stem,Plural,Instrumental,чоудесꙑ,etymological
чоудо,s stem,Plural,Instrumental,чоудесꙑ,etymological
чоудо,s stem,Plural,Instrumental,чоудесꙑ,etymological
врѣмѧ,n stem,Plural,Locative,врѣменехʼ,analogical
врѣмѧ,n stem,Plural,Locative,врѣменехъ,analogical
врѣмѧ,n stem,Plural,Locative,врѣменехъ,analogical
врѣмѧ,n stem,Plural,Locative,врѣменехъ,analogical
дьнь,n stem,Plural,Locative,днехъ,ambiguous
дьнь,n stem,Plural,Locative,дьнехъ,ambiguous
дьнь,n stem,Plural,Locative,дьнехъ,ambiguous
дьнь,n stem,Plural,Locative,дьнехъ,ambiguous
дьнь,n stem,Plural,Locative,дьнехъ,ambiguous
дьнь,n stem,Plural,Locative,дь҆нехъ,ambiguous
дьнь,n stem,Plural,Locative,дь҆нехъ,ambiguous
дьнь,n stem,Plural,Locative,дь҆нехъ,ambiguous
дьнь,n stem,Plural,Locative,дь҆нехъ,ambiguous
дьнь,n stem,Plural,Locative,дь҆нехъ,ambiguous
дьнь,n stem,Plural,Locative,дь҆нехъ,ambiguous
дьнь,n stem,Plural,Locative,дь҆нехъ,ambiguous
дьнь,n stem,Plural,Locative,дь҆нехъ,ambiguous
дъщи,r stems,Plural,Locative,дьштерехъ,analogical
коло,s stem,Plural,Locative,колѣхъ,analogical
небо,s stem,Plural,Locative,небесехъ,etymological
небо,s stem,Plural,Locative,небесехъ,etymological
небо,s stem,Plural,Locative,небесехъ,etymological
небо,s stem,Plural,Locative,небесехъ,etymological
небо,s stem,Plural,Locative,небесехъ,etymological
небо,s stem,Plural,Locative,небесехъ,etymological
небо,s stem,Plural,Locative,небесехъ,etymological
небо,s stem,Plural,Locative,небесехъ,etymological
небо,s stem,Plural,Locative,небесехъ,etymological
небо,s stem,Plural,Locative,небесехъ,etymological
небо,s stem,Plural,Locative,небесехъ,etymological
небо,s stem,Plural,Locative,небесехъ,etymological
небо,s stem,Plural,Locative,небесехъ,etymological
слово,s stem,Plural,Locative,словесехъ,etymological
слово,s stem,Plural,Locative,словесехъ,etymological
слово,s stem,Plural,Locative,словесехъ,etymological
слово,s stem,Plural,Locative,словесехъ,etymological
слово,s stem,Plural,Locative,словесехъ,etymological
чоудо,s stem,Plural,Locative,чоудесехъ,etymological
чоудо,s stem,Plural,Locative,чоудесехъ,etymological
чоудо,s stem,Plural,Locative,чоудесехъ,etymological
