folio,line,book,chapter,form,bform,lemma,stem,stemtype,pos,morph,number,case,rel,after
002r,06,1,1,и͑мⱕ,и҅мꙙ,имѧ,n stem,etymological,Nb,-s---na--i,-,nom,obj,
002r,30,1,1,и͑мⱕ,и҅мꙙ,имѧ,n stem,etymological,Nb,-s---na--i,-,nom,obj,
003r,06,1,1,имⱕ,имꙙ,имѧ,n stem,etymological,Nb,-s---na--i,-,nom,obj,
003v,26,1,1,дь͗ниї,дь҆ниї,дьнь,n stem,,Nb,-p---mg--i,-,m,part,
004v,30,1,1,врѧмени,,врѣмѧ,n stem,etymological,Nb,-s---nd--i,-,nom,sub,
005v,23,1,1,и͑менемь,и҅менемь,имѧ,n stem,analogical,Nb,-s---ni--i,-,nom,atr,
006r,19,1,1,дьнь,,дьнь,n stem,,Nb,-s---ma--i,-,m,adv,
006r,25,1,1,дь͗ниї,дь҆ниї,дьнь,n stem,,Nb,-p---mg--i,-,m,part,. 
007v,08,1,1,день͗,день҆,дьнь,n stem,,Nb,-s---ma--i,-,m,obl,
008r,02,1,1,дьниї,,дьнь,n stem,,Nb,-p---mg--i,-,m,part,
008r,18,1,2,день͗,день҆,дьнь,n stem,,Nb,-s---ma--i,-,m,obl,. 
008r,19,1,2,,врѣмꙙ,врѣмѧ,n stem,etymological,Nb,-s---na--i,-,nom,obl,
008r,21,1,2,и͑менемь,и҅менемь,имѧ,n stem,analogical,Nb,-s---ni--i,-,nom,atr,
008v,01,1,2,и͑мⱕ,и҅мꙙ,имѧ,n stem,etymological,Nb,-s---na--i,-,nom,obj,
008v,13,1,2,дь͗ниї,дь҆ниї,дьнь,n stem,,Nb,-p---mg--i,-,m,part,. 
009v,06,1,2,имⱕ,имꙙ,имѧ,n stem,etymological,Nb,-s---nn--i,-,nom,sub,
009v,19,1,2,дь͗ниї,дь҆ниї,дьнь,n stem,,Nb,-p---mg--i,-,m,obl,. 
010r,10,1,2,день͗,день҆,дьнь,n stem,etymological,Nb,-s---mn--i,-,m,xobj,
011r,02,1,2,и͑мⱕ,и҅мꙙ,имѧ,n stem,etymological,Nb,-s---nn--i,-,nom,sub,
011r,07,1,2,и͑мⱕ,и҅мꙙ,имѧ,n stem,etymological,Nb,-s---na--i,-,nom,obj,
011r,12,1,2,и͑мене,и҅мене,имѧ,n stem,etymological,Nb,-s---ng--i,-,nom,obj,
011r,14,1,2,и͑мена,и҅мена,имѧ,n stem,etymological,Nb,-p---nn--i,-,nom,sub,
012r,13,1,2,и͑мⱕ,и҅мꙙ,имѧ,n stem,etymological,Nb,-s---na--i,-,nom,obl,
012r,28,1,3,дьнь͗,дьнь҆,дьнь,n stem,,Nb,-s---ma--i,-,m,obl,
012v,01,1,3,врѣменехъ,,врѣмѧ,n stem,analogical,Nb,-p---nl--i,-,nom,obl,
012v,21,1,3,корене,,корень,n stem,etymological,Nb,-s---mg--i,-,m,xobj,
012v,26,1,3,и͑мⱕ,и҅мꙙ,имѧ,n stem,etymological,Nb,-s---na--i,-,nom,obj,
012v,29,1,3,именемь,,имѧ,n stem,analogical,Nb,-s---ni--i,-,nom,atr,
013r,01,1,3,врѣмени,,врѣмѧ,n stem,etymological,Nb,-s---nd--i,-,nom,sub,
013v,12,1,3,врѣмене,,врѣмѧ,n stem,etymological,Nb,-s---ng--i,-,nom,obl,
013v,13,1,3,день,,дьнь,n stem,,Nb,-s---ma--i,-,m,obj,
013v,22,1,3,день͗,день҆,дьнь,n stem,,Nb,-s---ma--i,-,m,obl,
014v,02,1,3,племене,,племѧ,n stem,etymological,Nb,-s---ng--i,-,nom,xobj,. 
015r,02,1,3,дь͗ни,дь҆ни,дьнь,n stem,analogical,Nb,-s---ml--i,-,m,obl,
016r,09,1,3,дь͗ниї,дь҆ниї,дьнь,n stem,,Nb,-p---mg--i,-,m,obl,. 
016v,01,1,3,дьнъ,,дьнь,n stem,,Nb,-s---ma--i,-,m,adv,
016v,05,1,3,дь͗ни,дь҆ни,дьнь,n stem,,Nb,-p---ma--i,-,m,obl,
018r,06,1,3,день,,дьнь,n stem,,Nb,-s---ma--i,-,m,obl,
020v,07,1,3,и͑мⱕ,и҅мꙙ,имѧ,n stem,etymological,Nb,-s---na--i,-,nom,obj,
020v,08,1,3,и͑мⱕ,и҅мꙙ,имѧ,n stem,etymological,Nb,-s---nn--i,-,nom,sub,
020v,13,1,3,и͑мⱕ,и҅мꙙ,имѧ,n stem,etymological,Nb,-s---na--i,-,nom,obj,
021r,05,1,3,брѣмⱕ,брѣмꙙ,брѣмѧ,n stem,etymological,Nb,-s---na--i,-,nom,obj,
021r,10,1,3,брѣмⱕ,брѣмꙙ,брѣмѧ,n stem,etymological,Nb,-s---na--i,-,nom,obj,
021r,14,1,3,брѣмⱕ,брѣмꙙ,брѣмѧ,n stem,etymological,Nb,-s---na--i,-,nom,obl,. 
021v,19,1,3,сѣмене,,сѣмѧ,n stem,etymological,Nb,-s---ng--i,-,nom,obl,
022r,07,1,3,и͑мⱕ,и҅мꙙ,имѧ,n stem,etymological,Nb,-s---na--i,-,nom,apos,.  
022r,14,1,3,врѣмⱕ,врѣмꙙ,врѣмѧ,n stem,etymological,Nb,-s---na--i,-,nom,obl,
022v,14,1,3,и͑мⱕ,и҅мꙙ,имѧ,n stem,etymological,Nb,-s---na--i,-,nom,obj,. 
023r,08,1,3,и͑мⱕ,и҅мꙙ,имѧ,n stem,etymological,Nb,-s---na--i,-,nom,obl,
023r,14,1,3,и͑мⱕ,и҅мꙙ,имѧ,n stem,etymological,Nb,-s---nn--i,-,nom,sub,
023r,19,1,3,и͑мене,и҅мене,имѧ,n stem,etymological,Nb,-s---ng--i,-,nom,obl,
023r,29,1,3,и͑менемь,и҅менемь,имѧ,n stem,analogical,Nb,-s---ni--i,-,nom,atr,
023v,03,1,3,и͑мⱕ,и҅мꙙ,имѧ,n stem,etymological,Nb,-s---na--i,-,nom,obj,
023v,06,1,3,и͑менемь,и҅менемь,имѧ,n stem,analogical,Nb,-s---ni--i,-,nom,atr,
023v,20,1,3,и͑мене,и҅мене,имѧ,n stem,etymological,Nb,-s---ng--i,-,nom,obl,. 
023v,24,1,3,и͑мⱕ,и҅мꙙ,имѧ,n stem,etymological,Nb,-s---nn--i,-,nom,sub,
024v,10,1,3,и͑мⱕ,и҅мꙙ,имѧ,n stem,etymological,Nb,-s---nn--i,-,nom,sub,
025r,27,1,3,камени,,камꙑ,n stem,analogical,Nb,-s---mg--i,-,m,obl,
026v,29,1,3,и͑мена,и҅мена,имѧ,n stem,etymological,Nb,-p---na--i,-,nom,obj,. 
027r,24,1,3,дь͗ни,дь҆ни,дьнь,n stem,,Nb,-p---ma--i,-,m,obl,
031v,26,1,4,племенемъ,,племѧ,n stem,analogical,Nb,-s---ni--i,-,nom,adv,. 
031v,26,1,4,именемь͗,именемь҆,имѧ,n stem,analogical,Nb,-s---ni--i,-,nom,atr,. 
032r,08,1,4,племенемь͗,племенемь҆,племѧ,n stem,analogical,Nb,-s---ni--i,-,nom,adv,. 
034v,03,1,4,врѣмⱕ,врѣмꙙ,врѣмѧ,n stem,etymological,Nb,-s---na--i,-,nom,adv,
034v,22,1,5,дьнь͗,дьнь҆,дьнь,n stem,,Nb,-s---ma--i,-,m,obl,
035r,06,1,5,и͑мена,и҅мена,имѧ,n stem,etymological,Nb,-p---nn--i,-,nom,xobj,· 
036r,17,1,5,и͑мⱕ,и҅мꙙ,имѧ,n stem,etymological,Nb,-s---nn--i,-,nom,sub,
036v,04,1,5,день,,дьнь,n stem,,Nb,-s---ma--i,-,m,adv,
036v,16,1,5,дь͗немь͗,дь҆немь҆,дьнь,n stem,,Nb,-p---md--i,-,m,sub,
036v,19,1,5,день͗,день҆,дьнь,n stem,,Nb,-s---ma--i,-,m,obl,
037r,11,1,5,и͑мⱕ,и҅мꙙ,имѧ,n stem,etymological,Nb,-s---na--i,-,nom,obl,
039v,01,1,5,дьнь,,дьнь,n stem,,Nb,-s---ma--i,-,m,obl,
039v,11,1,5,врѢмⱕ,врѢмꙙ,врѣмѧ,n stem,,Nb,-s---na--i,-,nom,obl,
039v,15,1,5,дь͗ни,дь҆ни,дьнь,n stem,,Nb,-s---md--i,-,m,atr,. 
040r,04,1,5,и͑мⱕ,и҅мꙙ,имѧ,n stem,etymological,Nb,-s---na--i,-,nom,obj,
041v,07,1,5,и͑мⱕ,и҅мꙙ,имѧ,n stem,etymological,Nb,-s---na--i,-,nom,obl,
041v,10,1,5,и͑менемь͗,и҅менемь҆,имѧ,n stem,analogical,Nb,-s---ni--i,-,nom,atr,
042r,01,1,5,дь͗нехъ,дь҆нехъ,дьнь,n stem,analogical,Nb,-p---ml--i,-,m,obl,
042r,02,1,5,и͑менемь͗,и҅менемь҆,имѧ,n stem,analogical,Nb,-s---ni--i,-,nom,atr,
042r,22,1,5,дьнь͗,дьнь҆,дьнь,n stem,,Nb,-p---mg--i,-,m,obl,
042v,07,1,6,врѣменехʼ,,врѣмѧ,n stem,analogical,Nb,-p---nl--i,-,nom,atr,. 
042v,15,1,6,чисмⱕ,чисмꙙ,чисмѧ,n stem,etymological,Nb,-s---nn--i,-,nom,sub,
044r,26,1,6,брѣмена,,брѣмѧ,n stem,etymological,Nb,-p---na--i,-,nom,obj,
044v,10,1,6,и͑мена,и҅мена,имѧ,n stem,etymological,Nb,-p---na--i,-,nom,obj,
044v,13,1,6,и͑мена,и҅мена,имѧ,n stem,etymological,Nb,-p---na--i,-,nom,obj,
044v,16,1,6,и͑мена,и҅мена,имѧ,n stem,etymological,Nb,-p---na--i,-,nom,obj,
044v,20,1,6,и͑мⱕ,и҅мꙙ,имѧ,n stem,etymological,Nb,-s---nn--i,-,nom,sub,. 
046r,05,1,6,врѣмене,,врѣмѧ,n stem,etymological,Nb,-s---ng--i,-,nom,atr,
047v,06,1,6,чисмене,,чисмѧ,n stem,etymological,Nb,-s---ng--i,-,nom,obl,. 
047v,07,1,6,чисмⱕ,чисмꙙ,чисмѧ,n stem,etymological,Nb,-s---nn--i,-,nom,sub,
047v,08,1,6,дь͗нии,дь҆нии,дьнь,n stem,,Nb,-p---mg--i,-,m,part,
047v,10,1,6,дьнь͗ми,дьнь҆ми,дьнь,n stem,,Nb,-p---mi--i,-,m,adv,
047v,12,1,6,чисмене,,чисмѧ,n stem,etymological,Nb,-s---ng--i,-,nom,obl,
048r,24,1,6,чисмⱕ,чисмꙙ,чисмѧ,n stem,etymological,Nb,-s---na--i,-,nom,obj,
048v,09,1,6,имⱕ,имꙙ,имѧ,n stem,etymological,Nb,-s---na--i,-,nom,obl,
048v,11,1,6,дь͗нии,дь҆нии,дьнь,n stem,,Nb,-s---md--i,-,m,sub,
048v,29,1,6,чисменемъ,,чисмѧ,n stem,analogical,Nb,-s---ni--i,-,nom,adv,. 
049r,01,1,6,чисмене,,чисмѧ,n stem,etymological,Nb,-s---ng--i,-,nom,obj,
049r,15,1,6,и͑мени,и҅мени,имѧ,n stem,analogical,Nb,-s---nl--i,-,nom,obl,
049v,12,1,6,врѣмени,,врѣмѧ,n stem,analogical,Nb,-s---nl--i,-,nom,obl,. 
049v,16,1,6,корене,,корень,n stem,etymological,Nb,-s---mg--i,-,m,obl,
049v,26,1,6,врѣмени,,врѣмѧ,n stem,etymological,Nb,-s---nd--i,-,nom,atr,
050r,28,1,7,врѣмена,,врѣмѧ,n stem,etymological,Nb,-p---na--i,-,nom,obl,
051r,03,1,7,дьни,,дьнь,n stem,,Nb,-s---md--i,-,m,sub,. 
051r,08,1,7,и͑мꙙ,и҅мꙙ,имѧ,n stem,etymological,Nb,-s---na--i,-,nom,obj,. 
051r,13,1,7,и͑мꙙ,и҅мꙙ,имѧ,n stem,etymological,Nb,-s---nn--i,-,nom,xobj,
051v,05,1,7,и͑мꙙ,и҅мꙙ,имѧ,n stem,etymological,Nb,-s---na--i,-,nom,obj,
052r,01,1,7,и͑мꙙ,и҅мꙙ,имѧ,n stem,etymological,Nb,-s---na--i,-,nom,obj,. 
052r,03,1,7,и͑мꙙ,и҅мꙙ,имѧ,n stem,etymological,Nb,-s---nn--i,-,nom,sub,
053r,08,1,7,и͑мене,и҅мене,имѧ,n stem,etymological,Nb,-s---ng--i,-,nom,obl,
053r,15,1,7,врѣмꙙ,,врѣмѧ,n stem,etymological,Nb,-s---nn--i,-,nom,xobj,
053r,17,1,7,врѣмꙙ,,врѣмѧ,n stem,etymological,Nb,-s---nn--i,-,nom,xobj,
053r,17,1,7,врѣмꙙ,,врѣмѧ,n stem,etymological,Nb,-s---nn--i,-,nom,xobj,
053r,20,1,7,и͑мꙙ,и҅мꙙ,имѧ,n stem,etymological,Nb,-s---nn--i,-,nom,sub,
053r,22,1,7,и͑мени,и҅мени,имѧ,n stem,analogical,Nb,-s---nl--i,-,nom,obl,. 
053v,24,1,7,дь͗ни,дь҆ни,дьнь,n stem,,Nb,-s---md--i,-,m,sub,
053v,27,1,7,камꙑ,,камꙑ,n stem,analogical,Nb,-s---ma--i,-,m,obj,
054r,02,1,7,дь͗ни,дь҆ни,дьнь,n stem,,Nb,-p---ma--i,-,m,obl,. 
055r,22,1,7,дь͗нь͗,дь҆нь҆,дьнь,n stem,,Nb,-s---ma--i,-,m,obl,
056r,13,1,7,и͑мене,и҅мене,имѧ,n stem,etymological,Nb,-s---ng--i,-,nom,obj,
058r,29,1,7,и͑мени,и҅мени,имѧ,n stem,ambiguous,Nb,-d---nn--i,-,nom,sub,
059r,22,1,7,дь͗нии͗,дь҆нии҆,дьнь,n stem,,Nb,-p---mg--i,-,m,part,. 
061v,09,1,8,день҆,,дьнь,n stem,,Nb,-s---ma--i,-,m,obl,· 
061v,17,1,8,дь҆нь҆,,дьнь,n stem,,Nb,-s---ma--i,-,m,obl,
062r,09,1,8,дьнь,,дьнь,n stem,,Nb,-s---ma--i,-,m,obl,· 
062v,03,1,8,и҅мꙙ,,имѧ,n stem,etymological,Nb,-s---nn--i,-,nom,sub,
062v,04,1,8,и҅мене,,имѧ,n stem,etymological,Nb,-s---ng--i,-,nom,obl,
062v,13,1,8,дьне,,дьнь,n stem,,Nb,-s---mg--i,-,m,obl,
063v,21,1,9,дьни,,дьнь,n stem,,Nb,-d---ma--i,-,m,adv,· 
063v,22,1,9,дни,,дьнь,n stem,,Nb,-p---ma--i,-,m,obl,
063v,29,1,9,дь҆не,,дьнь,n stem,,Nb,-s---mg--i,-,m,obl,· 
063v,30,1,9,дь҆ни,,дьнь,n stem,,Nb,-p---ma--i,-,m,obl,
064r,02,1,9,дьнь҆,,дьнь,n stem,,Nb,-s---ma--i,-,m,obl,
064v,17,1,9,брѣменемъ,,брѣмѧ,n stem,analogical,Nb,-s---ni--i,-,nom,obl,
067v,11,1,9,и҅мене,,имѧ,n stem,etymological,Nb,-s---ng--i,-,nom,obl,
067v,13,1,9,врѣменехъ,,врѣмѧ,n stem,analogical,Nb,-p---nl--i,-,nom,obl,
068r,26,1,9,и҅менемъ,,имѧ,n stem,analogical,Nb,-s---ni--i,-,nom,atr,
068r,27,1,9,и҅менемь҆,,имѧ,n stem,analogical,Nb,-s---ni--i,-,nom,atr,
068v,14,1,9,день҆,,дьнь,n stem,,Nb,-s---ma--i,-,m,adv,
069v,15,1,9,и҅мꙙ,,имѧ,n stem,etymological,Nb,-s---na--i,-,nom,obl,
072v,26,1,10,пламень,,пламꙑ,n stem,ambiguous,Nb,-s---ma--i,-,m,obj,
073v,23,1,10,врѣмꙙ,,врѣмѧ,n stem,etymological,Nb,-s---na--i,-,nom,obl,
074r,08,1,11,и҅менемь҆,,имѧ,n stem,analogical,Nb,-s---ni--i,-,nom,atr,
074r,09,1,11,врѣмꙙ,,врѣмѧ,n stem,etymological,Nb,-s---na--i,-,nom,obl,
074r,10,1,11,и҅менемь҆,,имѧ,n stem,analogical,Nb,-s---ni--i,-,nom,atr,
074r,14,1,11,дьнь,,дьнь,n stem,,Nb,-s---ma--i,-,m,adv,
074r,16,1,11,и҅мꙙ,,имѧ,n stem,etymological,Nb,-s---na--i,-,nom,obj,
074r,19,1,11,дь҆нии,,дьнь,n stem,,Nb,-p---mg--i,-,m,part,
074v,07,1,11,врѣмꙙ,,врѣмѧ,n stem,etymological,Nb,-s---na--i,-,nom,obl,
075r,07,1,11,и҅мꙙ,,имѧ,n stem,etymological,Nb,-s---na--i,-,nom,obj,
076r,26,1,11,и҅менемъ,,имѧ,n stem,analogical,Nb,-s---ni--i,-,nom,atr,
076v,23,1,11,и҅мꙙ,,имѧ,n stem,etymological,Nb,-s---na--i,-,nom,obj,
076v,26,1,11,и҅мꙙ,,имѧ,n stem,etymological,Nb,-s---nn--i,-,nom,sub,
076v,30,1,11,и҅мꙙ,,имѧ,n stem,etymological,Nb,-s---na--i,-,nom,obj,
077r,21,1,11,и҅менемъ,,имѧ,n stem,analogical,Nb,-s---ni--i,-,nom,atr,· 
077v,01,1,11,и҅мꙙ,,имѧ,n stem,etymological,Nb,-s---na--i,-,nom,obj,
078v,02,1,11,камꙑ,,камꙑ,n stem,analogical,Nb,-s---ma--i,-,m,obj,
078v,16,1,11,камень,,камꙑ,n stem,ambiguous,Nb,-s---ma--i,-,m,obj,· 
078v,22,1,11,дьнь,,дьнь,n stem,,Nb,-s---ma--i,-,m,adv,
078v,24,1,11,камене,,камꙑ,n stem,etymological,Nb,-s---mg--i,-,m,obj,
080r,12,1,12,дьнь҆,,дьнь,n stem,,Nb,-s---ma--i,-,m,obl,
081r,14,1,12,и҅мꙙ,,имѧ,n stem,etymological,Nb,-s---nn--i,-,nom,sub,
081r,17,1,12,пламꙑ,,пламꙑ,n stem,etymological,Nb,-s---mn--i,-,m,sub,· 
082v,20,1,12,и҅мени,,имѧ,n stem,analogical,Nb,-s---nl--i,-,nom,obl,
083r,02,1,12,и҅мꙙ,,имѧ,n stem,etymological,Nb,-s---nn--i,-,nom,sub,
083r,03,1,12,дьнь҆,,дьнь,n stem,,Nb,-s---ma--i,-,m,adv,
083v,09,1,12,пламꙑ,,пламꙑ,n stem,analogical,Nb,-s---ma--i,-,m,obj,· 
084r,26,1,12,и҅мене,,имѧ,n stem,etymological,Nb,-s---ng--i,-,nom,obl,
085v,14,1,13,врѣмꙙ,,врѣмѧ,n stem,etymological,Nb,-s---na--i,-,nom,obj,· 
085v,16,1,13,дьнии,,дьнь,n stem,,Nb,-p---mg--i,-,m,part,
085v,17,1,13,дь҆нии,,дьнь,n stem,,Nb,-p---mg--i,-,m,obl,· 
086r,08,1,14,врѣмени,,врѣмѧ,n stem,analogical,Nb,-s---nl--i,-,nom,obl,
086v,08,1,14,дьнь,,дьнь,n stem,,Nb,-s---ma--i,-,m,adv,
086v,13,1,14,дьнии,,дьнь,n stem,,Nb,-p---mg--i,-,m,obl,
086v,15,1,14,дьнь,,дьнь,n stem,,Nb,-s---ma--i,-,m,obl,. 
086v,26,1,14,дьнь,,дьнь,n stem,,Nb,-s---ma--i,-,m,adv,
087r,16,1,14,дьнии,,дьнь,n stem,,Nb,-p---mg--i,-,m,obl,. 
088r,02,1,14,камени,,камꙑ,n stem,analogical,Nb,-s---ml--i,-,m,obl,
088r,06,1,14,камене,,камꙑ,n stem,etymological,Nb,-s---ng--i,-,nom,obl,
088v,16,1,15,имꙙ,,имѧ,n stem,etymological,Nb,-s---na--i,-,nom,obj,
089r,17,1,15,дьнь҆,,дьнь,n stem,,Nb,-s---ma--i,-,m,obl,
091v,24,1,15,дь҆нь҆,,дьнь,n stem,,Nb,-s---ma--i,-,m,obl,
092r,29,1,15,дьни,,дьнь,n stem,,Nb,-p---ma--i,-,m,adv,· 
092r,30,1,15,дьнь,,дьнь,n stem,,Nb,-s---ma--i,-,m,obl,· 
093v,15,1,16,дь҆ни,,дьнь,n stem,,Nb,-p---ma--i,-,m,obl,
096r,01,1,16,врѣмена,,врѣмѧ,n stem,etymological,Nb,-p---na--i,-,nom,obl,· 
096r,01,1,16,врѣмꙙ,,врѣмѧ,n stem,etymological,Nb,-s---na--i,-,nom,obl,
096r,04,1,16,и҅менемь҆,,имѧ,n stem,analogical,Nb,-s---ni--i,-,nom,atr,
096v,24,1,16,дь҆нию̑,дь҆нию҄,дьнь,n stem,analogical,Nb,-d---ml--i,-,m,obl,
098r,18,1,16,и҅мꙙ,,имѧ,n stem,etymological,Nb,-s---nn--i,-,nom,sub,
098v,06,1,16,дь҆нь,,дьнь,n stem,,Nb,-s---ma--i,-,m,adv,
098v,11,1,16,дьнь,,дьнь,n stem,,Nb,-s---ma--i,-,m,obj,
099r,01,1,16,и҅менемь,,имѧ,n stem,analogical,Nb,-s---ni--i,-,nom,atr,
099r,17,1,16,и҅менемь,,имѧ,n stem,analogical,Nb,-s---ni--i,-,nom,atr,
099r,28,1,16,и҅мꙙ,,имѧ,n stem,etymological,Nb,-s---na--i,-,nom,obl,
099v,01,1,16,дь҆нехъ,,дьнь,n stem,analogical,Nb,-p---ml--i,-,m,obl,
099v,02,1,16,врѣмꙙ,,врѣмѧ,n stem,etymological,Nb,-s---na--i,-,nom,obl,
100r,23,1,16,дь҆не,,дьнь,n stem,,Nb,-s---mg--i,-,m,obl,
100v,02,1,16,врѣмꙙ,,врѣмѧ,n stem,etymological,Nb,-s---na--i,-,nom,obl,
100v,03,1,16,и҅менемъ,,имѧ,n stem,analogical,Nb,-s---ni--i,-,nom,atr,
100v,20,1,16,дьне,,дьнь,n stem,,Nb,-s---mg--i,-,m,obl,
102v,11,1,16,и҅мꙙ,,имѧ,n stem,etymological,Nb,-s---na--i,-,nom,obl,
103r,05,1,16,и҅мени,,имѧ,n stem,analogical,Nb,-s---nl--i,-,nom,obl,
103r,29,1,16,дьни,,дьнь,n stem,,Nb,-p---ma--i,-,m,obl,· 
103v,18,1,16,и҅мꙙ,,имѧ,n stem,etymological,Nb,-s---na--i,-,nom,obl,· 
103v,20,1,16,и҅мене,,имѧ,n stem,etymological,Nb,-s---ng--i,-,nom,atr,
104v,08,1,16,камени,,камꙑ,n stem,analogical,Nb,-s---ml--i,-,m,obl,· 
104v,28,1,16,врѣмꙙ,,врѣмѧ,n stem,etymological,Nb,-s---na--i,-,nom,obl,
107v,23,1,18,камени,,камꙑ,n stem,analogical,Nb,-s---ml--i,-,m,obl,
109r,22,1,18,дьне,,дьнь,n stem,,Nb,-s---mg--i,-,m,obl,
109v,12,1,18,дьнии,,дьнь,n stem,,Nb,-p---mg--i,-,m,obl,· 
111r,05,1,19,дь҆нь,,дьнь,n stem,,Nb,-s---ma--i,-,m,obl,
111r,07,1,19,дьнии҆,,дьнь,n stem,,Nb,-p---mg--i,-,m,part,· 
112r,07,1,19,е҅лени,,ѥлень,n stem,ambiguous,Nb,-d---mn--i,-,m,sub,· 
112r,27,1,19,е҅лень҆ма,,ѥлень,n stem,ambiguous,Nb,-d---md--i,-,m,obl,
112v,03,1,19,ѥ҅лениі,,ѥлень,n stem,ambiguous,Nb,-d---mn--i,-,m,sub,
112v,03,1,19,ѥ҅лению,,ѥлень,n stem,ambiguous,Nb,-d---mg--i,-,m,obl,
112v,12,1,19,е҅лен҄и,,ѥлень,n stem,analogical,Nb,-s---mg--i,-,m,atr,· 
112v,18,1,19,ѥ҅лени,,ѥлень,n stem,ambiguous,Nb,-d---ma--i,-,m,obj,· 
112v,22,1,19,ѥ҅лению҄,,ѥлень,n stem,ambiguous,Nb,-d---mg--i,-,m,obl,
112v,27,1,19,ѥ҅лене,,ѥлень,n stem,etymological,Nb,-s---mg--i,-,m,atr,· 
113v,09,1,19,дь҆нь҆,,дьнь,n stem,,Nb,-s---ma--i,-,m,obl,
113v,12,1,19,и҅мꙙ,,имѧ,n stem,etymological,Nb,-s---nn--i,-,nom,sub,· 
114r,05,1,19,и҅мени,,имѧ,n stem,analogical,Nb,-s---nl--i,-,nom,obl,
114r,07,1,19,и҅мꙙ,,имѧ,n stem,etymological,Nb,-s---nn--i,-,nom,sub,
114v,23,1,19,и҅менемь҆,,имѧ,n stem,analogical,Nb,-s---ni--i,-,nom,atr,
115r,14,1,19,имꙙ,,имѧ,n stem,etymological,Nb,-s---nn--i,-,nom,sub,
116r,26,1,19,и҅мене,,имѧ,n stem,etymological,Nb,-s---ng--i,-,nom,obl,
116v,16,1,19,сѣмени,,сѣмѧ,n stem,analogical,Nb,-s---nl--i,-,nom,obl,
117r,14,1,19,дьни,,дьнь,n stem,ambiguous,Nb,-d---mn--i,-,m,sub,
117v,04,1,19,дьнь҆,,дьнь,n stem,,Nb,-s---ma--i,-,m,obl,
118v,30,1,19,и҅мꙙ,,имѧ,n stem,etymological,Nb,-s---na--i,-,nom,obj,
120v,17,2,20,сѣмене,,сѣмѧ,n stem,etymological,Nb,-s---ng--i,-,nom,obl,
122r,04,2,20,сѣмене,,сѣмѧ,n stem,etymological,Nb,-s---ng--i,-,nom,obl,
122r,06,2,20,камꙑ,,камꙑ,n stem,etymological,Nb,-s---mn--i,-,m,sub,· 
122r,11,2,20,врѣмене,,врѣмѧ,n stem,etymological,Nb,-s---ng--i,-,nom,obl,
123v,06,2,21,и҅мꙙ,,имѧ,n stem,etymological,Nb,-s---nn--i,-,nom,sub,
123v,09,2,21,писмена,,писмѧ,n stem,etymological,Nb,-p---na--i,-,nom,obj,· 
123v,26,2,21,врѣмене,,врѣмѧ,n stem,etymological,Nb,-s---ng--i,-,nom,obl,
125v,27,2,21,пламени,,пламꙑ,n stem,analogical,Nb,-s---ml--i,-,m,obl,· 
126v,23,2,22,дь҆немь҆,,дьнь,n stem,,Nb,-p---md--i,-,m,sub,
128r,10,2,23,врѣмꙙ,,врѣмѧ,n stem,etymological,Nb,-s---na--i,-,nom,obl,
128r,13,2,23,и҅менемь,,имѧ,n stem,analogical,Nb,-s---ni--i,-,nom,adv,
128r,30,2,23,и҅мꙙ,,имѧ,n stem,etymological,Nb,-s---na--i,-,nom,obl,
128v,12,2,23,и҅мена,,имѧ,n stem,etymological,Nb,-p---nn--i,-,nom,sub,
130v,23,2,23,дь҆ни,,дьнь,n stem,,Nb,-p---ma--i,-,m,obl,
131r,10,2,23,врѣмꙙ,,врѣмѧ,n stem,etymological,Nb,-s---nn--i,-,nom,sub,· 
131v,25,2,23,и҅мꙙ,,имѧ,n stem,etymological,Nb,-s---na--i,-,nom,obj,
132v,11,2,23,и҅мене,,имѧ,n stem,etymological,Nb,-s---ng--i,-,nom,obl,
133v,05,2,23,и҅мꙙ,,имѧ,n stem,etymological,Nb,-s---na--i,-,nom,obl,
133v,14,2,23,и҅мене,,имѧ,n stem,etymological,Nb,-s---ng--i,-,nom,obl,
133v,23,2,23,врѣмꙙ,,врѣмѧ,n stem,etymological,Nb,-s---na--i,-,nom,obl,
134v,08,2,23,врѣмꙙ,,врѣмѧ,n stem,etymological,Nb,-s---nn--i,-,nom,sub,
135v,23,3,23,и҅менемь҆,,имѧ,n stem,analogical,Nb,-s---ni--i,-,nom,atr,
136r,05,3,23,и҅мена,,имѧ,n stem,etymological,Nb,-p---nn--i,-,nom,sub,
136r,20,3,23,и҅менемь҆,,имѧ,n stem,analogical,Nb,-s---ni--i,-,nom,atr,· 
137r,28,3,24,и҅мꙙ,,имѧ,n stem,etymological,Nb,-s---nn--i,-,nom,sub,
138r,02,3,24,дьнь,,дьнь,n stem,,Nb,-s---ma--i,-,m,adv,
138r,10,3,24,дьниї,,дьнь,n stem,,Nb,-p---mg--i,-,m,obl,· 
138v,01,3,24,камꙑ,,камꙑ,n stem,etymological,Nb,-s---mn--i,-,m,sub,
138v,10,3,24,и҅менемь҆,,имѧ,n stem,analogical,Nb,-s---ni--i,-,nom,atr,· 
139r,13,3,24,степень҆ми,,степень,n stem,etymological,Nb,-p---mi--i,-,m,adv,
140r,01,3,25,дьнь҆,,дьнь,n stem,,Nb,-s---ma--i,-,m,obl,
143r,07,3,25,дьнии҆,,дьнь,n stem,,Nb,-p---mg--i,-,m,part,
144r,01,3,25,дь҆не,,дьнь,n stem,,Nb,-s---mg--i,-,m,obl,
144v,10,3,25,дьнь҆,,дьнь,n stem,,Nb,-s---ma--i,-,m,obl,
145r,07,3,25,дь҆нь҆ю̑,дь҆нь҆ю҄,дьнь,n stem,analogical,Nb,-d---ml--i,-,m,obl,
145r,13,3,25,дь҆нии҆,,дьнь,n stem,,Nb,-p---mg--i,-,m,obl,· 
145v,03,3,25,дь҆ни,,дьнь,n stem,,Nb,-s---md--i,-,m,sub,
145v,05,3,25,дь҆нь҆,,дьнь,n stem,,Nb,-s---ma--i,-,m,obj,
146r,06,3,25,брѣмꙙ,,брѣмѧ,n stem,etymological,Nb,-s---nn--i,-,nom,sub,
146r,13,3,25,дь҆нь҆,,дьнь,n stem,,Nb,-s---ma--i,-,m,adv,
146v,28,3,25,дь҆нь҆,,дьнь,n stem,,Nb,-s---ma--i,-,m,adv,
147v,04,3,25,дь҆нию̑,дь҆нию҄,дьнь,n stem,analogical,Nb,-d---ml--i,-,m,obl,
147v,23,3,25,дь҆ни,,дьнь,n stem,,Nb,-d---ma--i,-,m,adv,· 
149r,28,3,25,и҅менемь,,имѧ,n stem,analogical,Nb,-s---ni--i,-,nom,atr,· 
150v,04,3,25,камꙑ,,камꙑ,n stem,etymological,Nb,-s---mn--i,-,m,sub,· 
150v,06,3,25,дьнии҆,,дьнь,n stem,,Nb,-p---mg--i,-,m,obl,· 
150v,07,3,25,сѣмꙙ,,сѣмѧ,n stem,etymological,Nb,-s---na--i,-,nom,obj,
150v,10,3,25,сѣмени,,сѣмѧ,n stem,etymological,Nb,-s---nd--i,-,nom,obl,
150v,11,3,25,камени,,камꙑ,n stem,etymological,Nb,-s---md--i,-,m,obl,
150v,14,3,25,камени,,камꙑ,n stem,etymological,Nb,-s---md--i,-,m,obl,
151r,05,3,25,камꙑ,,камꙑ,n stem,etymological,Nb,-s---mn--i,-,m,sub,· 
151r,10,3,25,дь҆нии҆,,дьнь,n stem,,Nb,-p---mg--i,-,m,part,
153v,07,3,26,врѣмꙙ,,врѣмѧ,n stem,etymological,Nb,-s---nn--i,-,nom,sub,
157r,20,3,27,дь҆ни,,дьнь,n stem,,Nb,-d---ma--i,-,m,adv,· 
158v,15,3,27,камꙑ,,камꙑ,n stem,etymological,Nb,-s---mn--i,-,m,obj,
160r,14,3,28,сѣмꙙ,,сѣмѧ,n stem,etymological,Nb,-s---nn--i,-,nom,sub,
160r,28,3,28,и҅мꙙ,,имѧ,n stem,etymological,Nb,-s---na--i,-,nom,obl,
160v,14,3,28,и҅мꙙ,,имѧ,n stem,etymological,Nb,-s---na--i,-,nom,obl,
160v,20,3,28,и҅мꙙ,,имѧ,n stem,etymological,Nb,-s---na--i,-,nom,obl,
160v,22,3,28,и҅мꙙ,,имѧ,n stem,etymological,Nb,-s---na--i,-,nom,obl,
161r,18,3,28,и҅мꙙ,,имѧ,n stem,etymological,Nb,-s---na--i,-,nom,obl,
161v,17,3,28,и҅мꙙ,,имѧ,n stem,etymological,Nb,-s---na--i,-,nom,obl,
161v,21,3,28,и҅мꙙ,,имѧ,n stem,etymological,Nb,-s---na--i,-,nom,obl,
162r,29,3,28,сѣмꙙ,,сѣмѧ,n stem,etymological,Nb,-s---nn--i,-,nom,voc,
162v,04,3,28,дь҆нь҆ми,,дьнь,n stem,,Nb,-p---mi--i,-,m,adv,
163r,19,3,28,и҅мꙙ,,имѧ,n stem,etymological,Nb,-s---na--i,-,nom,obj,
163v,18,3,28,и҅мꙙ,,имѧ,n stem,etymological,Nb,-s---na--i,-,nom,obl,
164r,12,3,28,и҅мꙙ,,имѧ,n stem,etymological,Nb,-s---na--i,-,nom,obl,
164r,13,3,28,и҅мꙙ,,имѧ,n stem,etymological,Nb,-s---na--i,-,nom,obl,
164r,14,3,28,и҅мꙙ,,имѧ,n stem,etymological,Nb,-s---na--i,-,nom,obl,
164v,20,3,28,и҅мꙙ,,имѧ,n stem,etymological,Nb,-s---na--i,-,nom,obl,
164v,29,3,28,и҅мꙙ,,имѧ,n stem,etymological,Nb,-s---na--i,-,nom,obl,
165r,03,3,28,и҅мꙙ,,имѧ,n stem,etymological,Nb,-s---na--i,-,nom,obl,
165r,07,3,28,и҅мꙙ,,имѧ,n stem,etymological,Nb,-s---na--i,-,nom,obl,
165r,12,3,28,и҅мꙙ,,имѧ,n stem,etymological,Nb,-s---na--i,-,nom,obl,
165r,14,3,28,и҅мꙙ,,имѧ,n stem,etymological,Nb,-s---na--i,-,nom,obl,
165r,22,3,28,и҅мꙙ,,имѧ,n stem,etymological,Nb,-s---na--i,-,nom,obl,
165r,26,3,28,и҅мꙙ,,имѧ,n stem,etymological,Nb,-s---na--i,-,nom,obl,
165r,29,3,28,и҅мꙙ,,имѧ,n stem,etymological,Nb,-s---na--i,-,nom,obl,
165v,16,3,28,и҅мꙙ,,имѧ,n stem,etymological,Nb,-s---na--i,-,nom,obl,
166v,05,3,28,дь҆нь҆,,дьнь,n stem,,Nb,-s---ma--i,-,m,obl,· 
166v,21,3,29,врѣмене,,врѣмѧ,n stem,etymological,Nb,-s---ng--i,-,nom,obl,
166v,27,3,29,и҅мꙙ,,имѧ,n stem,etymological,Nb,-s---na--i,-,nom,obl,
169v,28,3,29,камꙑ,,камꙑ,n stem,analogical,Nb,-s---ma--i,-,m,obj,
171r,25,3,29,и҅мꙙ,,имѧ,n stem,etymological,Nb,-s---na--i,-,nom,obl,
173r,26,3,30,врѣмене,,врѣмѧ,n stem,etymological,Nb,-s---ng--i,-,nom,sub,· 
173r,28,3,30,врѣмꙙ,,врѣмѧ,n stem,etymological,Nb,-s---na--i,-,nom,obl,· 
174r,05,3,30,и҅менъ,,имѧ,n stem,etymological,Nb,-p---ng--i,-,nom,obj,
174r,11,3,30,сѣмене,,сѣмѧ,n stem,etymological,Nb,-s---ng--i,-,nom,obl,
174r,12,3,30,племене,,племѧ,n stem,etymological,Nb,-s---ng--i,-,nom,obl,
174r,15,3,30,дь҆ни,,дьнь,n stem,,Nb,-p---ma--i,-,m,obl,
176r,02,3,30,врѣмꙙ,,врѣмѧ,n stem,etymological,Nb,-s---na--i,-,nom,obl,
176r,19,3,30,врѣмꙙ,,врѣмѧ,n stem,etymological,Nb,-s---nn--i,-,nom,sub,
176r,21,3,30,врѣмꙙ,,врѣмѧ,n stem,etymological,Nb,-s---nn--i,-,nom,sub,· 
176r,24,3,30,врѣмꙙ,,врѣмѧ,n stem,etymological,Nb,-s---nn--i,-,nom,sub,
176v,05,3,30,врѣмꙙ,,врѣмѧ,n stem,etymological,Nb,-s---na--i,-,nom,obl,· 
176v,27,3,30,врѣмꙙ,,врѣмѧ,n stem,etymological,Nb,-s---na--i,-,nom,obl,
178v,07,3,31,врѣмꙙ,,врѣмѧ,n stem,etymological,Nb,-s---nn--i,-,nom,sub,
178v,08,3,31,врѣмꙙ,,врѣмѧ,n stem,etymological,Nb,-s---nn--i,-,nom,sub,
178v,09,3,31,врѣмꙙ,,врѣмѧ,n stem,etymological,Nb,-s---nn--i,-,nom,sub,
178v,10,3,31,врѣмꙙ,,врѣмѧ,n stem,etymological,Nb,-s---nn--i,-,nom,sub,
178v,11,3,31,врѣмꙙ,,врѣмѧ,n stem,etymological,Nb,-s---nn--i,-,nom,sub,
178v,12,3,31,врѣмꙙ,,врѣмѧ,n stem,etymological,Nb,-s---nn--i,-,nom,sub,
178v,14,3,31,врѣмꙙ,,врѣмѧ,n stem,etymological,Nb,-s---nn--i,-,nom,sub,
178v,14,3,31,врѣмꙙ,,врѣмѧ,n stem,etymological,Nb,-s---nn--i,-,nom,sub,
178v,17,3,31,врѣмꙙ,,врѣмѧ,n stem,etymological,Nb,-s---nn--i,-,nom,sub,
178v,18,3,31,врѣмꙙ,,врѣмѧ,n stem,etymological,Nb,-s---nn--i,-,nom,sub,
178v,18,3,31,врѣмꙙ,,врѣмѧ,n stem,etymological,Nb,-s---nn--i,-,nom,sub,
178v,19,3,31,врѣмꙙ,,врѣмѧ,n stem,etymological,Nb,-s---nn--i,-,nom,sub,
179r,01,3,31,врѣмꙙ,,врѣмѧ,n stem,etymological,Nb,-s---nn--i,-,nom,sub,
179r,01,3,31,врѣмꙙ,,врѣмѧ,n stem,etymological,Nb,-s---nn--i,-,nom,sub,
179r,01,3,31,врѣмꙙ,,врѣмѧ,n stem,etymological,Nb,-s---nn--i,-,nom,sub,
179r,02,3,31,врѣмꙙ,,врѣмѧ,n stem,etymological,Nb,-s---nn--i,-,nom,sub,
179r,04,3,31,врѣмꙙ,,врѣмѧ,n stem,etymological,Nb,-s---nn--i,-,nom,sub,
179r,08,3,31,врѣмꙙ,,врѣмѧ,n stem,etymological,Nb,-s---nn--i,-,nom,sub,
179r,08,3,31,корене,,корень,n stem,etymological,Nb,-s---mg--i,-,m,obl,
179r,09,3,31,врѣмꙙ,,врѣмѧ,n stem,etymological,Nb,-s---nn--i,-,nom,sub,
179r,15,3,31,корене,,корень,n stem,etymological,Nb,-s---mg--i,-,m,obl,
179r,17,3,31,корене,,корень,n stem,etymological,Nb,-s---mg--i,-,m,obl,
179r,18,3,31,корене,,корень,n stem,etymological,Nb,-s---mg--i,-,m,obl,
179r,21,3,31,дьнь҆,,дьнь,n stem,,Nb,-s---ma--i,-,m,obl,
179r,25,3,31,дь҆нь,,дьнь,n stem,,Nb,-s---ma--i,-,m,obl,
179v,16,3,31,дь҆нь҆,,дьнь,n stem,,Nb,-s---ma--i,-,m,adv,
179v,23,3,31,врѣмꙙ,,врѣмѧ,n stem,etymological,Nb,-s---na--i,-,nom,obl,
182v,12,3,31,врѣмꙙ,,врѣмѧ,n stem,etymological,Nb,-s---nn--i,-,nom,sub,
182v,12,3,31,врѣмꙙ,,врѣмѧ,n stem,etymological,Nb,-s---nn--i,-,nom,sub,
183v,22,3,31,пламꙑмъ,,пламꙑ,n stem,analogical,Nb,-s---mi--i,-,m,adv,
183v,29,3,31,и҅мꙙ,,имѧ,n stem,etymological,Nb,-s---na--i,-,nom,obj,
184r,21,3,31,брѣмене,,брѣмѧ,n stem,analogical,Nb,-s---nl--i,-,nom,obl,· 
185r,14,3,32,дь҆не,,дьнь,n stem,,Nb,-s---mg--i,-,m,obj,· 
186v,08,3,32,врѣмꙙ,,врѣмѧ,n stem,etymological,Nb,-s---nn--i,-,nom,obj,
188r,06,3,32,дь҆ни,,дьнь,n stem,,Nb,-s---mg--i,-,m,obj,
192r,22,3,32,и҅менемь,,имѧ,n stem,analogical,Nb,-s---ni--i,-,nom,adv,
192v,14,3,33,дь҆ни,,дьнь,n stem,,Nb,-p---ma--i,-,m,obl,· 
193r,14,3,33,камень҆,,камꙑ,n stem,ambiguous,Nb,-s---ma--i,-,m,obj,
193r,19,3,33,камень҆,,камꙑ,n stem,ambiguous,Nb,-s---ma--i,-,m,obj,
193v,16,3,33,дь҆нь҆,,дьнь,n stem,,Nb,-s---ma--i,-,m,obj,
195r,23,3,33,и҅мꙙ,,имѧ,n stem,etymological,Nb,-s---nn--i,-,nom,sub,
195v,04,3,34,врѣмꙙ,,врѣмѧ,n stem,etymological,Nb,-s---na--i,-,nom,obl,
195v,06,3,34,дь҆ни,,дьнь,n stem,,Nb,-p---ma--i,-,m,obl,· 
195v,10,3,34,брѣмꙙ,,брѣмѧ,n stem,etymological,Nb,-s---na--i,-,nom,obj,
197v,18,3,34,и҅мꙙ,,имѧ,n stem,etymological,Nb,-s---na--i,-,nom,obj,· 
197v,19,3,34,и҅мꙙ,,имѧ,n stem,etymological,Nb,-s---na--i,-,nom,obj,· 
197v,23,3,34,врѣмꙙ,,врѣмѧ,n stem,etymological,Nb,-s---na--i,-,nom,obl,· 
198v,01,3,35,сѣмене,,сѣмѧ,n stem,etymological,Nb,-s---ng--i,-,nom,obl,
198v,04,3,35,дь҆ни,,дьнь,n stem,,Nb,-p---ma--i,-,m,obl,
198v,09,3,35,камени,,камꙑ,n stem,etymological,Nb,-s---md--i,-,m,obl,
198v,13,3,35,дь҆нь҆,,дьнь,n stem,,Nb,-s---ma--i,-,m,obl,
198v,15,3,35,дь҆нь҆,,дьнь,n stem,,Nb,-s---ma--i,-,m,obl,
201r,02,3,35,камень҆,,камꙑ,n stem,ambiguous,Nb,-s---ma--i,-,m,obl,
202r,03,3,35,и҅мꙙ,,имѧ,n stem,etymological,Nb,-s---na--i,-,nom,obl,
202v,05,3,35,писмꙙ,,писмѧ,n stem,etymological,Nb,-s---nn--i,-,nom,sub,· 
202v,07,3,35,писмена,,писмѧ,n stem,etymological,Nb,-p---na--i,-,nom,obj,· 
202v,19,3,35,врѣмене,,врѣмѧ,n stem,etymological,Nb,-s---ng--i,-,nom,obl,
203v,28,3,36,дьнꙿ,,дьнь,n stem,,Nb,-s---ma--i,-,m,obj,
204v,02,3,36,врѣмꙙ,,врѣмѧ,n stem,etymological,Nb,-s---nn--i,-,nom,sub,· 
204v,05,3,36,врѣмꙙ,,врѣмѧ,n stem,etymological,Nb,-s---na--i,-,nom,obj,· 
204v,10,3,36,врѣмене,,врѣмѧ,n stem,etymological,Nb,-s---ng--i,-,nom,obl,
205r,06,3,36,чисменемь҆,,чисмѧ,n stem,analogical,Nb,-s---ni--i,-,nom,adv,· 
206r,23,3,36,корень҆,,корень,n stem,analogical,Nb,-s---mn--i,-,m,sub,
206v,02,3,36,корень҆,,корень,n stem,analogical,Nb,-s---mn--i,-,m,xobj,
206v,10,3,36,врѣмꙙ,,врѣмѧ,n stem,etymological,Nb,-s---na--i,-,nom,obl,
206v,19,3,36,дь҆нь҆,,дьнь,n stem,,Nb,-s---ma--i,-,m,adv,
206v,27,3,36,дьни,,дьнь,n stem,analogical,Nb,-s---ml--i,-,m,obl,
207r,13,3,36,врѣмꙙ,,врѣмѧ,n stem,etymological,Nb,-s---na--i,-,nom,obl,
210v,07,3,36,врѣмꙙ,,врѣмѧ,n stem,etymological,Nb,-s---nn--i,-,nom,sub,
211r,25,3,36,дь҆немъ,,дьнь,n stem,,Nb,-s---mi--i,-,m,adv,
211v,23,3,36,дьнь҆,,дьнь,n stem,,Nb,-s---ma--i,-,m,obl,· 
212r,11,3,36,и҅мени,,имѧ,n stem,etymological,Nb,-s---nd--i,-,nom,narg,
212r,18,3,36,врѣмꙙ,,врѣмѧ,n stem,etymological,Nb,-s---na--i,-,nom,obl,
214r,04,3,37,дьне,,дьнь,n stem,,Nb,-s---mg--i,-,m,atr,
214v,22,3,38,дь҆нь҆,,дьнь,n stem,,Nb,-s---ma--i,-,m,obl,
215r,06,3,38,дьнь҆,,дьнь,n stem,etymological,Nb,-s---mn--i,-,m,sub,
215r,07,3,38,дь҆ниѥ,,дьнь,n stem,,Nb,-p---mn--i,-,m,sub,
215r,09,3,38,дь҆нь҆,,дьнь,n stem,,Nb,-s---ma--i,-,m,obl,· 
215r,17,3,38,дь҆ни,,дьнь,n stem,,Nb,-s---mg--i,-,m,voc,· 
215v,08,3,38,дь҆ни,,дьнь,n stem,,Nb,-s---mg--i,-,m,obl,· 
215v,22,3,38,дьнь҆,,дьнь,n stem,,Nb,-s---ma--i,-,m,obj,
215v,23,3,38,дь҆нь҆,,дьнь,n stem,,Nb,-s---ma--i,-,m,obj,
215v,26,3,38,дь҆нь,,дьнь,n stem,etymological,Nb,-s---mn--i,-,m,sub,
216r,16,3,38,дьни,,дьнь,n stem,,Nb,-s---mg--i,-,m,atr,
216v,05,3,38,дь҆нь҆,,дьнь,n stem,,Nb,-s---ma--i,-,m,obj,· 
218r,03,3,38,пламъ,,пламꙑ,n stem,analogical,Nb,-s---ma--i,-,m,obj,
218r,29,3,38,дь҆ни,,дьнь,n stem,,Nb,-s---mg--i,-,m,part,· 
219r,08,3,38,дь҆ни,,дьнь,n stem,,Nb,-s---mg--i,-,m,part,· 
219v,28,3,38,дьнехъ,,дьнь,n stem,analogical,Nb,-p---ml--i,-,m,obl,
220r,19,3,39,дь҆нехъ,,дьнь,n stem,analogical,Nb,-p---ml--i,-,m,obl,
220r,21,3,39,дь҆не,,дьнь,n stem,,Nb,-s---mg--i,-,m,obl,· 
220v,01,3,39,дь҆нехъ,,дьнь,n stem,analogical,Nb,-p---ml--i,-,m,obl,
220v,20,3,39,дь҆нехъ,,дьнь,n stem,analogical,Nb,-p---ml--i,-,m,obl,
221r,29,3,39,дь҆нехъ,,дьнь,n stem,analogical,Nb,-p---ml--i,-,m,obl,
221v,30,3,39,дь҆ни,,дьнь,n stem,,Nb,-p---ma--i,-,m,obl,
222r,10,3,39,дь҆нехъ,,дьнь,n stem,analogical,Nb,-p---ml--i,-,m,obl,
222r,17,3,39,дь҆не,,дьнь,n stem,,Nb,-s---mg--i,-,m,obl,
222r,27,3,39,дьнехъ,,дьнь,n stem,analogical,Nb,-p---ml--i,-,m,obl,· 
222v,01,3,39,дьнехъ,,дьнь,n stem,analogical,Nb,-p---ml--i,-,m,obl,
222v,14,3,39,камꙑ,,камꙑ,n stem,etymological,Nb,-s---mn--i,-,m,sub,
222v,23,3,39,камꙑ,,камꙑ,n stem,etymological,Nb,-s---mn--i,-,m,obj,
222v,27,3,39,камꙑ,,камꙑ,n stem,etymological,Nb,-s---mn--i,-,m,obj,
222v,30,3,39,камꙑ,,камꙑ,n stem,etymological,Nb,-s---mn--i,-,m,obj,· 
,,3,39,камꙑ,,камꙑ,n stem,etymological,Nb,-s---mn--i,-,m,obj,· 
223v,24,3,39,дьнь,,дьнь,n stem,,Nb,-s---ma--i,-,m,obl,
224v,17,3,40,камень҆,,камꙑ,n stem,ambiguous,Nb,-s---ma--i,-,m,obl,
224v,19,3,40,камень҆,,камꙑ,n stem,ambiguous,Nb,-s---ma--i,-,m,obl,· 
224v,22,3,40,камень,,камꙑ,n stem,ambiguous,Nb,-s---ma--i,-,m,obj,· 
225v,14,3,40,врѣмꙙ,,врѣмѧ,n stem,etymological,Nb,-s---na--i,-,nom,obl,
226r,06,3,40,камень҆,,камꙑ,n stem,analogical,Nb,-s---mn--i,-,m,xadv,
226r,22,3,40,камене,,камꙑ,n stem,etymological,Nb,-s---mg--i,-,m,obl,· 
226r,23,3,40,камене,,камꙑ,n stem,etymological,Nb,-s---mg--i,-,m,obl,· 
226v,08,3,40,дь҆нь,,дьнь,n stem,,Nb,-p---mg--i,-,m,part,· 
226v,11,3,40,дьнии҆,,дьнь,n stem,,Nb,-p---mg--i,-,m,part,
226v,17,3,40,дьнемъ,,дьнь,n stem,,Nb,-p---md--i,-,m,atr,
226v,28,3,40,и҅менемь,,имѧ,n stem,analogical,Nb,-s---ni--i,-,nom,atr,
227r,10,3,40,и҅менемъ,,имѧ,n stem,analogical,Nb,-s---ni--i,-,nom,atr,
227r,22,3,40,и҅менемь҆,,имѧ,n stem,analogical,Nb,-s---ni--i,-,nom,atr,
227v,10,3,40,врѣмене,,врѣмѧ,n stem,etymological,Nb,-s---ng--i,-,nom,obl,· 
233r,23,3,40,и҅мꙙ,,имѧ,n stem,etymological,Nb,-s---nn--i,-,nom,sub,
235r,12,3,40,брѣмꙙ,,брѣмѧ,n stem,etymological,Nb,-s---na--i,-,nom,obj,· 
235r,17,3,40,дь҆нь҆,,дьнь,n stem,,Nb,-s---ma--i,-,m,obl,· 
235r,18,3,40,дь҆нь҆,,дьнь,n stem,,Nb,-s---ma--i,-,m,obl,· 
236r,18,3,41,дьнь҆,,дьнь,n stem,,Nb,-s---ma--i,-,m,obl,· 
236r,19,3,41,и҅мꙙ,,имѧ,n stem,etymological,Nb,-s---nn--i,-,nom,sub,
236v,19,3,41,дьнь҆,,дьнь,n stem,,Nb,-s---ma--i,-,m,obl,· 
236v,19,3,41,дьне,,дьнь,n stem,,Nb,-s---mg--i,-,m,adv,
236v,23,3,41,дь҆нь҆,,дьнь,n stem,,Nb,-s---ma--i,-,m,obl,
238r,03,3,41,и҅мꙙ,,имѧ,n stem,etymological,Nb,-s---nn--i,-,nom,sub,
238r,16,3,41,дь҆нь҆,,дьнь,n stem,etymological,Nb,-s---mn--i,-,m,sub,
238r,25,3,41,дни,,дьнь,n stem,,Nb,-p---ma--i,-,m,obl,
238v,06,3,41,и҅мꙙ,,имѧ,n stem,etymological,Nb,-s---na--i,-,nom,obj,
238v,07,3,41,и҅менемь҆,,имѧ,n stem,analogical,Nb,-s---ni--i,-,nom,atr,· 
238v,10,3,41,и҅мꙙ,,имѧ,n stem,etymological,Nb,-s---nn--i,-,nom,sub,
239v,06,3,41,писмꙙ,,писмѧ,n stem,etymological,Nb,-s---na--i,-,nom,obj,· 
239v,26,3,41,дни,,дьнь,n stem,,Nb,-p---ma--i,-,m,adv,
240r,11,3,42,дь҆нь҆,,дьнь,n stem,etymological,Nb,-s---mn--i,-,m,xobj,
240r,12,3,42,дь҆ни,,дьнь,n stem,,Nb,-s---mg--i,-,m,narg,
243v,22,3,43,врѣмꙙ,,врѣмѧ,n stem,etymological,Nb,-s---nn--i,-,nom,xobj,
243v,26,3,43,дь҆нь҆,,дьнь,n stem,etymological,Nb,-s---mn--i,-,m,apos,
244r,04,3,43,врѣмꙙ,,врѣмѧ,n stem,etymological,Nb,-s---nn--i,-,nom,xobj,
244r,08,3,43,и҅мꙙ,,имѧ,n stem,etymological,Nb,-s---na--i,-,nom,obj,
244r,11,3,43,и҅мꙙ,,имѧ,n stem,etymological,Nb,-s---nn--i,-,nom,sub,
244r,13,3,43,дь҆нь҆,,дьнь,n stem,,Nb,-s---ma--i,-,m,obl,
244r,15,3,43,и҅менемь҆,,имѧ,n stem,analogical,Nb,-s---ni--i,-,nom,adv,
248r,16,3,43,врѣмꙙ,,врѣмѧ,n stem,etymological,Nb,-s---na--i,-,nom,obl,
250r,14,3,44,дь҆нехъ,,дьнь,n stem,analogical,Nb,-p---ml--i,-,m,obl,
252r,16,3,44,дни,,дьнь,n stem,analogical,Nb,-s---ml--i,-,m,obl,
252r,28,3,44,сѣмене,,сѣмѧ,n stem,etymological,Nb,-s---ng--i,-,nom,obl,· 
253r,08,3,44,дьнь҆,,дьнь,n stem,,Nb,-s---ma--i,-,m,adv,· 
254r,27,3,44,и҅мена,,имѧ,n stem,etymological,Nb,-p---nn--i,-,nom,sub,· 
255r,03,3,45,дь҆нꙿ,,дьнь,n stem,etymological,Nb,-s---mn--i,-,m,sub,
255r,04,3,45,врѣмꙙ,,врѣмѧ,n stem,etymological,Nb,-s---na--i,-,nom,obl,
255r,24,3,45,дь҆ни,,дьнь,n stem,,Nb,-s---mg--i,-,m,adv,
255v,09,3,45,дьнь,,дьнь,n stem,,Nb,-s---ma--i,-,m,obj,
257v,08,3,46,и҅менемь,,имѧ,n stem,analogical,Nb,-s---ni--i,-,nom,atr,
257v,13,3,46,їменемь҆,,имѧ,n stem,analogical,Nb,-s---ni--i,-,nom,adv,· 
259v,04,3,46,врѣмени,,врѣмѧ,n stem,etymological,Nb,-s---nd--i,-,nom,obl,
259v,21,3,46,дни,,дьнь,n stem,,Nb,-p---ma--i,-,m,adv,
260r,03,3,46,дь҆ни,,дьнь,n stem,,Nb,-p---ma--i,-,m,obj,
260r,04,3,46,врѣмена,,врѣмѧ,n stem,etymological,Nb,-p---na--i,-,nom,obl,
260r,06,3,46,дь҆ни,,дьнь,n stem,,Nb,-s---md--i,-,m,atr,
260r,20,3,46,и҅менемь,,имѧ,n stem,analogical,Nb,-s---ni--i,-,nom,adv,
260v,01,3,46,днии҆,,дьнь,n stem,,Nb,-p---mg--i,-,m,part,· 
260v,02,3,46,и҅мꙙ,,имѧ,n stem,etymological,Nb,-s---na--i,-,nom,obj,
260v,07,3,46,и҅мꙙ,,имѧ,n stem,etymological,Nb,-s---na--i,-,nom,obl,
260v,14,3,46,дь҆ни,,дьнь,n stem,,Nb,-p---ma--i,-,m,adv,· 
261v,08,3,46,камꙑ,,камꙑ,n stem,analogical,Nb,-s---ma--i,-,m,obl,
262r,26,3,46,и҅мꙙ,,имѧ,n stem,etymological,Nb,-s---na--i,-,nom,obj,
263r,24,3,46,дьни,,дьнь,n stem,,Nb,-d---ma--i,-,m,obl,· 
263v,18,3,46,врѣмꙙ,,врѣмѧ,n stem,etymological,Nb,-s---na--i,-,nom,obj,
264v,28,3,46,врѣмꙙ,,врѣмѧ,n stem,etymological,Nb,-s---na--i,-,nom,obj,
265v,08,3,46,дь҆ни,,дьнь,n stem,,Nb,-p---ma--i,-,m,obl,
266r,06,3,46,дꙿне,,дьнь,n stem,,Nb,-s---mg--i,-,m,obl,
266r,07,3,46,дни,,дьнь,n stem,,Nb,-s---md--i,-,m,narg,
266r,16,3,46,и҅мꙙ,,имѧ,n stem,etymological,Nb,-s---na--i,-,nom,obl,
266v,01,3,46,дьнехъ,,дьнь,n stem,analogical,Nb,-p---ml--i,-,m,obl,
266v,11,3,46,дь҆не,,дьнь,n stem,,Nb,-s---mg--i,-,m,obl,
266v,20,3,47,дꙿнь,,дьнь,n stem,,Nb,-s---ma--i,-,m,obl,
266v,25,3,47,и҅мене,,имѧ,n stem,etymological,Nb,-s---ng--i,-,nom,narg,
267v,23,3,47,врѣмена,,врѣмѧ,n stem,etymological,Nb,-p---na--i,-,nom,obl,
268r,08,3,47,и҅менемь҆,,имѧ,n stem,analogical,Nb,-s---ni--i,-,nom,atr,
268v,17,3,47,дь҆ни,,дьнь,n stem,,Nb,-s---md--i,-,m,sub,
269r,01,3,47,камꙑ,,камꙑ,n stem,analogical,Nb,-s---ma--i,-,m,obj,· 
269r,26,3,47,дꙿни,,дьнь,n stem,,Nb,-p---ma--i,-,m,obl,· 
269v,05,3,47,дьнь҆,,дьнь,n stem,,Nb,-s---ma--i,-,m,obl,· 
269v,19,3,47,дьни,,дьнь,n stem,,Nb,-p---ma--i,-,m,obl,· 
269v,29,3,47,дь҆нь҆,,дьнь,n stem,,Nb,-s---ma--i,-,m,obl,· 
269v,30,3,47,врѣмени,,врѣмѧ,n stem,analogical,Nb,-s---nl--i,-,nom,obl,· 
270r,02,3,47,и҅менемъ,,имѧ,n stem,analogical,Nb,-s---ni--i,-,nom,atr,· 
270r,13,3,47,врѣмени,,врѣмѧ,n stem,analogical,Nb,-s---nl--i,-,nom,obl,
270r,15,3,47,и҅менемь҆,,имѧ,n stem,analogical,Nb,-s---ni--i,-,nom,atr,
270r,27,3,47,и҅менемь҆,,имѧ,n stem,analogical,Nb,-s---ni--i,-,nom,atr,
270v,22,3,47,и҅мꙙ,,имѧ,n stem,etymological,Nb,-s---na--i,-,nom,obl,
271r,18,3,47,дьни,,дьнь,n stem,,Nb,-p---ma--i,-,m,obl,
272r,13,3,48,днъ,,дьнь,n stem,etymological,Nb,-s---mn--i,-,m,sub,
273r,18,3,48,врѣмꙙ,,врѣмѧ,n stem,etymological,Nb,-s---na--i,-,nom,obl,
274r,08,3,48,дь҆нь,,дьнь,n stem,,Nb,-s---ma--i,-,m,obl,
274r,10,3,48,брѣмене,,брѣмѧ,n stem,etymological,Nb,-s---ng--i,-,nom,obj,
274r,15,3,48,и҅менемь҆,,имѧ,n stem,analogical,Nb,-s---ni--i,-,nom,atr,· 
274r,24,3,48,дьни,,дьнь,n stem,,Nb,-p---ma--i,-,m,adv,
274r,26,3,48,днии҆,,дьнь,n stem,,Nb,-p---mg--i,-,m,part,· 
274v,01,3,48,дь҆ни,,дьнь,n stem,,Nb,-p---ma--i,-,m,obl,· 
274v,10,3,48,дь҆нь҆,,дьнь,n stem,,Nb,-s---ma--i,-,m,adv,
274v,10,3,48,дь҆нь҆,,дьнь,n stem,,Nb,-s---ma--i,-,m,obl,· 
274v,24,3,48,днехъ,,дьнь,n stem,analogical,Nb,-p---ml--i,-,m,obl,
274v,25,3,48,и҅мꙙ,,имѧ,n stem,etymological,Nb,-s---nn--i,-,nom,sub,
274v,26,3,48,дь҆ни,,дьнь,n stem,,Nb,-p---ma--i,-,m,obl,
275r,13,3,48,и҅мени,,имѧ,n stem,analogical,Nb,-s---ng--i,-,nom,atr,
275r,17,3,48,дꙿниї,,дьнь,n stem,,Nb,-p---mg--i,-,m,part,· 
275r,20,3,48,днии҆,,дьнь,n stem,,Nb,-p---mg--i,-,m,part,· 
275r,30,3,48,и҅мꙙ,,имѧ,n stem,etymological,Nb,-s---na--i,-,nom,obl,
275v,21,3,48,дь҆нь,,дьнь,n stem,,Nb,-s---ma--i,-,m,adv,· 
275v,22,3,48,дꙿнии,,дьнь,n stem,,Nb,-p---mg--i,-,m,obl,· 
276r,19,3,48,врѣменехъ,,врѣмѧ,n stem,analogical,Nb,-p---nl--i,-,nom,obl,· 
276v,19,3,48,и҅менемꙿ,,имѧ,n stem,analogical,Nb,-s---ni--i,-,nom,atr,
276v,26,3,48,дь҆нь҆,,дьнь,n stem,,Nb,-s---ma--i,-,m,obl,
277r,09,3,48,дь҆ни,,дьнь,n stem,,Nb,-p---ma--i,-,m,obl,· 
277r,10,3,48,дь҆,,дьнь,n stem,,Nb,-s---ma--i,-,m,obl,
277r,15,3,48,дꙿни,,дьнь,n stem,,Nb,-p---ma--i,-,m,obj,
278r,11,3,48,и҅мꙙ,,имѧ,n stem,etymological,Nb,-s---nn--i,-,nom,xobj,
278r,27,3,48,и҅менемь,,имѧ,n stem,analogical,Nb,-s---ni--i,-,nom,atr,
278r,28,3,48,дꙿни,,дьнь,n stem,,Nb,-p---ma--i,-,m,obj,
278v,02,3,48,и҅мꙙ,,имѧ,n stem,etymological,Nb,-s---na--i,-,nom,obj,
278v,29,3,48,врѣмена,,врѣмѧ,n stem,etymological,Nb,-p---na--i,-,nom,obl,
279r,03,3,48,врѣмене,,врѣмѧ,n stem,etymological,Nb,-s---ng--i,-,nom,obl,
279r,15,3,48,брѣмена,,брѣмѧ,n stem,etymological,Nb,-p---na--i,-,nom,obj,· 
280v,26,3,48,дьне,,дьнь,n stem,,Nb,-s---mg--i,-,m,obl,· 
280v,28,3,48,Врѣмени,,врѣмѧ,n stem,etymological,Nb,-s---nd--i,-,nom,sub,
281r,23,3,48,дꙿни,,дьнь,n stem,,Nb,-s---md--i,-,m,obl,· 
282v,01,3,48,врѣмꙙ,,врѣмѧ,n stem,etymological,Nb,-s---na--i,-,nom,adv,
282v,26,3,48,дь҆ни,,дьнь,n stem,,Nb,-p---ma--i,-,m,adv,· 
283r,08,3,48,врѣмене,,врѣмѧ,n stem,etymological,Nb,-s---ng--i,-,nom,obl,· 
283r,28,3,48,пламени,,пламꙑ,n stem,analogical,Nb,-s---ml--i,-,m,obl,
283r,29,3,48,пламꙑ,,пламꙑ,n stem,etymological,Nb,-s---mn--i,-,m,obj,
283v,20,3,48,племени,,племѧ,n stem,etymological,Nb,-s---nd--i,-,nom,atr,
284r,18,3,48,дни,,дьнь,n stem,,Nb,-p---ma--i,-,m,obl,
284v,08,3,48,дьнь҆,,дьнь,n stem,,Nb,-s---ma--i,-,m,obl,
284v,09,3,48,врѣмꙙ,,врѣмѧ,n stem,etymological,Nb,-s---nn--i,-,nom,xobj,
285r,09,3,48,врѣмена,,врѣмѧ,n stem,etymological,Nb,-p---na--i,-,nom,obl,
285r,16,3,48,врѣмꙙ,,врѣмѧ,n stem,etymological,Nb,-s---na--i,-,nom,obl,
285r,20,3,48,врѣмене,,врѣмѧ,n stem,etymological,Nb,-s---ng--i,-,nom,obl,
285v,05,3,48,дꙿнии҆,,дьнь,n stem,,Nb,-p---mg--i,-,m,obl,
285v,16,3,48,дни,,дьнь,n stem,,Nb,-p---ma--i,-,m,obl,· 
069v,17,1,9,и҅менемь҆,,имѧ,n stem,analogical,Nb,-s---ni--i,-,nom,adv,
071r,13,1,9,и҅мꙙ,,имѧ,n stem,etymological,Nb,-s---na--i,-,nom,obl,
072r,18,1,9,пламени,,пламꙑ,n stem,etymological,Nb,-s---md--i,-,m,sub,
072v,15,1,9,дьнь҆,,дьнь,n stem,,Nb,-s---ma--i,-,m,adv,
