Lemma,Number,Case,Form,Stemtype
благодѣтель,Singular,Nominative,благодѣтел҄ь,etymological
въздатель,Singular,Nominative,вь҆ꙁдател҄ь,etymological
възискатель,Singular,Nominative,вь҆ꙁискател҄ь,etymological
вьседрьжитель,Singular,Nominative,вь҆седръжител҄ь,etymological
вьседрьжитель,Singular,Nominative,вь҆седръжител҄ь,etymological
гонитель,Singular,Nominative,гонител҄ь,etymological
гоубитель,Singular,Nominative,гоубител҄ь,etymological
досадитель,Singular,Nominative,досадител҄ь,etymological
досадитель,Singular,Nominative,досадител҄ь,etymological
дѣлатель,Singular,Nominative,дѣлател҄ь,etymological
дѣлатель,Singular,Nominative,дѣлател҄ь,etymological
дѣлатель,Singular,Nominative,дѣлател҄ь,etymological
дѣлатель,Singular,Nominative,дѣлател҄ь,etymological
зиждитель,Singular,Nominative,ꙁиждител҄ь,etymological
зьдатель,Singular,Nominative,ꙁъдател҄ь,etymological
избавитель,Singular,Nominative,и҅ꙁбавител҄ь,etymological
избавитель,Singular,Nominative,и҅ꙁбавител҄ь,etymological
исправитель,Singular,Nominative,и҅справител҄ь,etymological
мѫчитель,Singular,Nominative,мѫчител҄ь,etymological
мѫчитель,Singular,Nominative,мѫчител҄ь,etymological
обадитель,Singular,Nominative,о҅бадител҄ь,etymological
обадитель,Singular,Nominative,о҅бадител҄ь,etymological
оучитель,Singular,Nominative,о҄учител҄ь,etymological
оучитель,Singular,Nominative,о҄учител҄ь,etymological
оучитель,Singular,Nominative,о҄учител҄ь,etymological
оучитель,Singular,Nominative,о҄учител҄ь,etymological
оучитель,Singular,Nominative,о҄учител҄ь,etymological
оучитель,Singular,Nominative,о҄учител҄ь,etymological
оучитель,Singular,Nominative,о҄учител҄ь,etymological
оучитель,Singular,Nominative,о҄учител҄ь,etymological
оучитель,Singular,Nominative,о҄учител҄ь,etymological
оучитель,Singular,Nominative,о҄учител҄ь,etymological
подадитель,Singular,Nominative,подадител҄ь,etymological
покръвитель,Singular,Nominative,покровител҄ь,etymological
родитель,Singular,Nominative,родител҄ь,etymological
свободитель,Singular,Nominative,свободител҄ь,etymological
свѣтитель,Singular,Nominative,свѣтител҄ь,etymological
свѧтитель,Singular,Nominative,свꙙтител҄ь,etymological
свѧтитель,Singular,Nominative,ст꙯ител҄ь,etymological
строитель,Singular,Nominative,Строи҅тел҄ь,etymological
съвѣдѣтель,Singular,Nominative,съвѣдѣтел҄ь,etymological
съвѣдѣтель,Singular,Nominative,сь҆вѣдѣтел҄ь,etymological
съвѣдѣтель,Singular,Nominative,сь҆вѣдѣтел҄ь,etymological
съвѣдѣтель,Singular,Nominative,сь҆вѣдѣтел҄ь,etymological
съдѣтель,Singular,Nominative,сьдѣтел҄ь,etymological
съдѣтель,Singular,Nominative,сь҆дѣтел҄ь,etymological
съпаситель,Singular,Nominative,съпасител҄ь,etymological
съпаситель,Singular,Nominative,сь҆пасител҄ь,etymological
томитель,Singular,Nominative,томител҄ь,etymological
цѣлитель,Singular,Nominative,цѣлител҄ь,etymological
цѣлитель,Singular,Nominative,цѣл҄ител҄ь,etymological
благодѣтель,Singular,Genitive,благодѣтелꙗ,etymological
благодѣтель,Singular,Genitive,благодѣтелꙗ,etymological
благодѣтель,Singular,Genitive,благодѣтелꙗ,etymological
благодѣтель,Singular,Genitive,благодѣтелꙗ,etymological
вьседрьжитель,Singular,Genitive,вьседръжителꙗ,etymological
вьседрьжитель,Singular,Genitive,вьседръжителꙗ,etymological
вьседрьжитель,Singular,Genitive,вьседрьжителѣ,etymological
вьседрьжитель,Singular,Genitive,вь҆седръжителꙗ,etymological
вьседрьжитель,Singular,Genitive,вь҆седръжителꙗ,etymological
вьседрьжитель,Singular,Genitive,вь҆седръжителꙗ,etymological
гонитель,Singular,Genitive,гонителꙗ,etymological
датель,Singular,Genitive,дателꙗ,etymological
датель,Singular,Genitive,дателꙗ,etymological
дѣлатель,Singular,Genitive,дѣлател҄ꙙ,etymological
дѣлатель,Singular,Genitive,дѣлателꙗ,etymological
зиждитель,Singular,Genitive,ꙁиждителꙗ,etymological
зиждитель,Singular,Genitive,ꙁиждителꙗ,etymological
избавитель,Singular,Genitive,и҅ꙁбавителꙗ,etymological
казатель,Singular,Genitive,каꙁателꙗ,etymological
мѫчитель,Singular,Genitive,мѫчител҄ꙗ,etymological
мѫчитель,Singular,Genitive,мѫчителꙗ,etymological
мѫчитель,Singular,Genitive,мѫчителꙗ,etymological
мѫчитель,Singular,Genitive,мѫчителꙗ,etymological
мѫчитель,Singular,Genitive,мѫчителꙗ,etymological
мѫчитель,Singular,Genitive,мѫчителꙙ,etymological
оучитель,Singular,Genitive,о҄учителꙗ,etymological
оучитель,Singular,Genitive,о҄учителꙗ,etymological
оучитель,Singular,Genitive,о҄учителꙗ,etymological
оучитель,Singular,Genitive,о҄учителꙗ,etymological
оучитель,Singular,Genitive,о҄учителꙗ,etymological
оучитель,Singular,Genitive,о҄учителꙗ,etymological
оучитель,Singular,Genitive,о҄учителꙗ,etymological
оучитель,Singular,Genitive,о҄учителꙗ,etymological
оучитель,Singular,Genitive,о҄учителꙗ,etymological
оучитель,Singular,Genitive,о҄учителꙗ,etymological
оучитель,Singular,Genitive,о҄учителꙗ,etymological
оучитель,Singular,Genitive,о҄учителꙗ,etymological
оучитель,Singular,Genitive,о҄учителꙗ,etymological
оучитель,Singular,Genitive,о҄учителꙗ,etymological
побѣдитель,Singular,Genitive,побѣдителꙗ,etymological
погребитель,Singular,Genitive,погребителꙗ,etymological
родитель,Singular,Genitive,родителꙗ,etymological
строитель,Singular,Genitive,строи҅тел҄ѣ,etymological
съвѣдѣтель,Singular,Genitive,сь҆вѣдѣтелꙗ,etymological
съдѣтель,Singular,Genitive,сьдѣтелꙗ,etymological
съзьдатель,Singular,Genitive,съꙁъдателꙗ,etymological
томитель,Singular,Genitive,томителꙗ,etymological
томитель,Singular,Genitive,томітелꙗ,etymological
чиститель,Singular,Genitive,чистител҄ѣ,etymological
чиститель,Singular,Genitive,чистителꙗ,etymological
благодѣтель,Singular,Dative,благодѣтелю,etymological
благодѣтель,Singular,Dative,благодѣтел҄еви,analogical
вьседрьжитель,Singular,Dative,вьседръжителю,etymological
вьседрьжитель,Singular,Dative,вь҆седръжителю,etymological
гоубитель,Singular,Dative,гоубителю,etymological
избавитель,Singular,Dative,и҅ꙁбавителю,etymological
избавитель,Singular,Dative,и҅ꙁбавителю,etymological
мѫчитель,Singular,Dative,мѫчителю,etymological
мѫчитель,Singular,Dative,мѫчителю,etymological
оучитель,Singular,Dative,о҄учителю,etymological
оучитель,Singular,Dative,о҄учителю,etymological
оучитель,Singular,Dative,о҄учителю,etymological
оучитель,Singular,Dative,о҄учітелю,etymological
побѣдитель,Singular,Dative,побѣдителю,etymological
родитель,Singular,Dative,родителю,etymological
строитель,Singular,Dative,строителю,etymological
строитель,Singular,Dative,строи҅телю,etymological
съпаситель,Singular,Dative,съпасителю,etymological
чиститель,Singular,Dative,чистителю,etymological
оучитель,Singular,Instrumental,о҄учител҄емъ,etymological
благодѣтель,Singular,Locative,благодѣтели,etymological
оучитель,Singular,Locative,о҄учител҄и,etymological
вьседрьжитель,Singular,Vocative,вь҆седръжителю,etymological
вьседрьжитель,Singular,Vocative,вь҆седръжителю,etymological
вьседрьжитель,Singular,Vocative,вь҆седръжителю,etymological
датель,Singular,Vocative,дателю,etymological
дѣлатель,Singular,Vocative,дѣлателю,etymological
избавитель,Singular,Vocative,и҅ꙁбавителю,etymological
мѫчитель,Singular,Vocative,мѫчителю,etymological
мѫчитель,Singular,Vocative,мѫчителю,etymological
мѫчитель,Singular,Vocative,мѫчителю,etymological
оучитель,Singular,Vocative,о҄учителю,etymological
оучитель,Singular,Vocative,о҄учителю,etymological
податель,Singular,Vocative,подателю,etymological
правитель,Singular,Vocative,правителю,etymological
родитель,Singular,Vocative,родителю,etymological
томитель,Singular,Vocative,томителю,etymological
томитель,Singular,Vocative,томителю,etymological
томитель,Singular,Vocative,томителю,etymological
томитель,Singular,Vocative,томителю,etymological
мѫчитель,Dual,Nominative,мѫчител҄Ѣ,etymological
мѫчитель,Dual,Nominative,мѫчител҄Ѣ,etymological
мѫчитель,Dual,Nominative,мѫчител҄ꙗ,etymological
мѫчитель,Dual,Nominative,мѫчителꙗ,etymological
родитель,Dual,Nominative,родител҄ѣ,etymological
родитель,Dual,Nominative,родител҄ꙗ,etymological
родитель,Dual,Nominative,родителꙗ,etymological
съвѣдѣтель,Dual,Nominative,сьвѣдѣтелꙗ,etymological
родитель,Dual,Genitive,родителю,etymological
родитель,Dual,Dative,родител҄ема,etymological
родитель,Dual,Dative,родител҄ема,etymological
родитель,Dual,Dative,родител҄ема,etymological
томитель,Dual,Locative,томителю,etymological
властель,Plural,Nominative,властеле,etymological
дѣлатель,Plural,Nominative,дѣлател҄е,etymological
дѣлатель,Plural,Nominative,дѣлател҄е,etymological
дѣлатель,Plural,Nominative,дѣлател҄е,etymological
дѣлатель,Plural,Nominative,дѣлател҄е,etymological
дѣлатель,Plural,Nominative,дѣлател҄е,etymological
дѣлатель,Plural,Nominative,дѣлател҄е,etymological
дѣлатель,Plural,Nominative,дѣлател҄е,etymological
мѫчитель,Plural,Nominative,мѫчител҄е,etymological
мѫчитель,Plural,Nominative,мѫчител҄е,etymological
родитель,Plural,Nominative,родител҄е,etymological
родитель,Plural,Nominative,родител҄е,etymological
родитель,Plural,Nominative,родител҄е,etymological
самодрьжитель,Plural,Nominative,самодръжител҄е,etymological
словописатель,Plural,Nominative,словописател҄е,etymological
съвѣдѣтель,Plural,Nominative,сь҆вѣдѣтел҄е,etymological
съказатель,Plural,Nominative,съкаꙁател҄е,etymological
хранитель,Plural,Nominative,хранител҄е,etymological
шарописатель,Plural,Nominative,шарописател҄е,etymological
гонитель,Plural,Genitive,гонител҄ь,etymological
дѣлатель,Plural,Genitive,дѣлател҄ь,etymological
оучитель,Plural,Genitive,о҄учител҄ь,etymological
оучитель,Plural,Genitive,о҄учител҄ь,etymological
оучитель,Plural,Genitive,о҄учител҄ь,etymological
оучитель,Plural,Genitive,о҄учител҄ь,etymological
оучитель,Plural,Genitive,о҄учител҄ь,etymological
родитель,Plural,Genitive,родител҄ь,etymological
родитель,Plural,Genitive,родител҄ь,etymological
родитель,Plural,Genitive,родител҄ь,etymological
родитель,Plural,Genitive,родител҄ь,etymological
родитель,Plural,Genitive,родител҄ь,etymological
родитель,Plural,Genitive,родител҄ь,etymological
съвѣдѣтель,Plural,Genitive,сь҆вѣдѣтел҄ь,etymological
дѣлатель,Plural,Dative,дѣлател҄емъ,ambiguos
дѣлатель,Plural,Dative,дѣлател҄емъ,ambiguos
дѣлатель,Plural,Dative,дѣлател҄емъ,ambiguos
мѫчитель,Plural,Dative,мѫчител҄емъ,ambiguos
обличитель,Plural,Dative,о҅бличител҄емъ,ambiguos
подражатель,Plural,Dative,подражател҄емъ,ambiguos
родитель,Plural,Dative,родител҄емъ,ambiguos
родитель,Plural,Dative,родител҄емъ,ambiguos
хранитель,Plural,Dative,хранител҄емъ,ambiguos
свѧтитель,Plural,Instrumental,свꙙтителꙑ,analogical
чиститель,Plural,Instrumental,чистител҄и,analogical
дѣлатель,Plural,Vocative,дѣлател҄е,etymological
подражатель,Plural,Vocative,подражател҄е,etymological
