Lemma,,Number,Case,Form,Stemtype,SEV,must be,must be
кръвь,,Singular,Nominative,кръвь҆,analogical,103/27,,
кръвь,,Singular,Nominative,кръвь҆,analogical,419/22,,
кръвь,,Singular,Nominative,кръвь҆,analogical,485/13,,
кръвь,,Singular,Nominative,крьвь,analogical,428/5,,
кръвь,,Singular,Nominative,крьвь҆,analogical,419/18,,
кръвь,,Singular,Nominative,крь҆вь,analogical,236/11,,
кръвь,,Singular,Nominative,крь҆вь҆,analogical,419/21,,
кръвь,,Singular,Nominative,крь҆вь҆,analogical,474/10,,
кръвь,,Singular,Nominative,крь҆вь҆,analogical,483/4,,
кръвь,,Singular,Nominative,крь҆вь҆,analogical,483/21,,
кръвь,,Singular,Nominative,крь҆вь҆,analogical,483/23,,
любꙑ,,Singular,Nominative,любꙑ,etymological,275/1,,
любꙑ,,Singular,Nominative,любꙑ,etymological,332/21,,
любꙑ,,Singular,Nominative,любꙑ,etymological,400/3,,
любꙑ,,Singular,Nominative,любꙑ,etymological,404/29,,
любꙑ,,Singular,Nominative,любꙑ,etymological,456/15,,
неплодꙑ,,Singular,Nominative,неплодꙑ,etymological,249/12,,
смокꙑ,,Singular,Nominative,смокꙑ,etymological,301/12,,
смокꙑ,,Singular,Nominative,смокꙑ,etymological,345/10,,
смокꙑ,,Singular,Nominative,смокꙑ,etymological,345/25,,
смокꙑ,,Singular,Nominative,смокꙑ,etymological,350/12,,
смокꙑ,,Singular,Nominative,смокꙑ,etymological,350/15,,
смокꙑ,,Singular,Nominative,смокꙑ,etymological,350/19,,
смокꙑ,,Singular,Nominative,смокꙑ,etymological,352/1,,
смокꙑ,,Singular,Nominative,смокꙑ,etymological,352/6,,
цръкꙑ,,Singular,Nominative,цръкꙑ,etymological,221/23,,
цръкꙑ,,Singular,Nominative,цръкꙑ,etymological,282/17,,
цръкꙑ,,Singular,Nominative,цръкꙑ,etymological,332/16,,
цръкꙑ,,Singular,Nominative,цръкꙑ,etymological,349/13,,
цръкꙑ,,Singular,Nominative,цръкꙑ,etymological,534/7,,
цръкꙑ,,Singular,Nominative,црькꙑ,etymological,418/13,,
цръкꙑ,,Singular,Nominative,црь҆кꙑ,etymological,198/7,,
цръкꙑ,,Singular,Nominative,црь҆кꙑ,etymological,396/4,,
кръвь,,Singular,Accusative,кръвь,ambiguous,415/14,,
кръвь,,Singular,Accusative,кръвь҆,ambiguous,60/23,,
кръвь,,Singular,Accusative,кръвь҆,ambiguous,354/2,,
кръвь,,Singular,Accusative,крьвь,ambiguous,414/24,,
кръвь,,Singular,Accusative,крьвь,ambiguous,419/29,,
кръвь,,Singular,Accusative,крьвь,ambiguous,457/21,,
кръвь,,Singular,Accusative,крьвь,ambiguous,483/17,,
кръвь,,Singular,Accusative,крьвь,ambiguous,141/23,,
кръвь,,Singular,Accusative,крьвь҆,ambiguous,414/22,,
кръвь,,Singular,Accusative,крьвь҆,ambiguous,499/29,,
кръвь,,Singular,Accusative,крь҆вь,ambiguous,398/27,,
кръвь,,Singular,Accusative,крь҆вь,ambiguous,422/16,,
кръвь,,Singular,Accusative,крь҆вь,ambiguous,528/11,,
кръвь,,Singular,Accusative,крь҆вь҆,ambiguous,122/16,,
кръвь,,Singular,Accusative,крь҆вь҆,ambiguous,362/30,,
кръвь,,Singular,Accusative,крь҆вь҆,ambiguous,387/12,,
кръвь,,Singular,Accusative,крь҆вь҆,ambiguous,483/19,,
любꙑ,,Singular,Accusative,любьвь,ambiguous,299/9,,
цръкꙑ,,Singular,Accusative,црькъвь,ambiguous,4/2,,
цръкꙑ,,Singular,Accusative,црь҆къве,ambiguous,35/9,,analogical
цръкꙑ,,Singular,Accusative,црь҆къвь҆,ambiguous,485/28,,
цръкꙑ,,Singular,Accusative,црь҆къвь҆,ambiguous,505/9,,
кръвь,,Singular,Genitive,кръве,etymological,136/4,,
кръвь,,Singular,Genitive,кръви,analogical,472/7,,
кръвь,,Singular,Genitive,кръви,analogical,534/10,,
кръвь,,Singular,Genitive,кръви,analogical,541/18,,
кръвь,,Singular,Genitive,крьви,analogical,57/9,,
кръвь,,Singular,Genitive,крьви,analogical,415/11,,
кръвь,,Singular,Genitive,крь҆ви,analogical,51/13,,
кръвь,,Singular,Genitive,крь҆ви,analogical,51/15,,
кръвь,,Singular,Genitive,крь҆ви,analogical,387/28,,
любꙑ,,Singular,Genitive,любьве,etymological,49/5,,
любꙑ,,Singular,Genitive,любьве,etymological,50/8,,
любꙑ,,Singular,Genitive,любьве,etymological,71/13,,
любꙑ,,Singular,Genitive,любьве,etymological,395/10,Accusative,analogical
любꙑ,,Singular,Genitive,любь҆ве,etymological,203/23,Accusative,analogical
любꙑ,,Singular,Genitive,любь҆ве,etymological,203/27,Accusative,analogical
любꙑ,,Singular,Genitive,любь҆ве,etymological,207/3,,
любꙑ,,Singular,Genitive,любь҆ве,etymological,221/2,,
любꙑ,,Singular,Genitive,любь҆ве,etymological,236/14,,
любꙑ,,Singular,Genitive,любь҆ве,etymological,254/5,,
любꙑ,,Singular,Genitive,любь҆ве,etymological,267/23,,
любꙑ,,Singular,Genitive,любь҆ве,etymological,294/14,,
любꙑ,,Singular,Genitive,любь҆ве,etymological,357/6,,
любꙑ,,Singular,Genitive,любь҆ве,etymological,384/29,Accusative,analogical
любꙑ,,Singular,Genitive,любь҆ве,etymological,385/9,Accusative,analogical
любꙑ,,Singular,Genitive,любь҆ве,etymological,399/19,Accusative,analogical
любꙑ,,Singular,Genitive,любь҆ве,etymological,406/4,,
любꙑ,,Singular,Genitive,любь҆ве,etymological,426/2,,
любꙑ,,Singular,Genitive,любь҆ве,etymological,453/30,,
смокꙑ,,Singular,Genitive,смокве,etymological,343/20,Accusative,analogical
смокꙑ,,Singular,Genitive,смокве,etymological,343/25,Accusative,analogical
смокꙑ,,Singular,Genitive,смокве,etymological,345/7,Accusative,analogical
смокꙑ,,Singular,Genitive,смокве,etymological,350/2,Accusative,analogical
смокꙑ,,Singular,Genitive,смокве,etymological,350/3,Accusative,analogical
смокꙑ,,Singular,Genitive,смокве,etymological,350/9,Accusative,analogical
смокꙑ,,Singular,Genitive,смокве,etymological,350/13,Accusative,analogical
смокꙑ,,Singular,Genitive,смокве,etymological,350/25,,
смокꙑ,,Singular,Genitive,смокве,etymological,352/18,Accusative,analogical
смокꙑ,,Singular,Genitive,смокви,analogical,346/5,Nominative,analogical
смокꙑ,,Singular,Genitive,смокви,analogical,348/4,Nominative,analogical
смокꙑ,,Singular,Genitive,смокъве,etymological,300/14,Accusative,analogical
смокꙑ,,Singular,Genitive,смокꙿве,etymological,300/7,,
смокꙑ,,Singular,Genitive,смокꙿви,analogical,348/9,Dative,etymological
цръкꙑ,,Singular,Genitive,цръкве,etymological,229/20,,
цръкꙑ,,Singular,Genitive,цръкве,etymological,431/10,Accusative,analogical
цръкꙑ,,Singular,Genitive,цръкъве,etymological,23/21,Accusative,analogical
цръкꙑ,,Singular,Genitive,цръкъве,etymological,132/21,,
цръкꙑ,,Singular,Genitive,цръкъве,etymological,133/25,,
цръкꙑ,,Singular,Genitive,цръкъве,etymological,194/24,,
цръкꙑ,,Singular,Genitive,цръкъве,etymological,208/27,Accusative,analogical
цръкꙑ,,Singular,Genitive,цръкъве,etymological,209/13,,
цръкꙑ,,Singular,Genitive,цръкъве,etymological,236/26,Accusative,analogical
цръкꙑ,,Singular,Genitive,цръкъве,etymological,254/18,,
цръкꙑ,,Singular,Genitive,црькъве,etymological,209/5,,
цръкꙑ,,Singular,Genitive,црькъве,etymological,228/29,Accusative,analogical
цръкꙑ,,Singular,Genitive,црькъве,etymological,530/6,,
цръкꙑ,,Singular,Genitive,црь҆кве,etymological,186/18,,
цръкꙑ,,Singular,Genitive,црь҆кве,etymological,139/23,,
цръкꙑ,,Singular,Genitive,црь҆къве,etymological,132/7,,
цръкꙑ,,Singular,Genitive,црь҆къве,etymological,132/29,,
цръкꙑ,,Singular,Genitive,црь҆къве,etymological,214/28,Accusative,analogical
цръкꙑ,,Singular,Genitive,црь҆къве,etymological,228/20,Accusative,analogical
цръкꙑ,,Singular,Genitive,црь҆къве,etymological,229/15,,
цръкꙑ,,Singular,Genitive,црь҆къве,etymological,236/20,,
цръкꙑ,,Singular,Genitive,црь҆къве,etymological,279/11,Accusative,analogical
цръкꙑ,,Singular,Genitive,црь҆къве,etymological,281/24,Accusative,analogical
цръкꙑ,,Singular,Genitive,црь҆къве,etymological,296/5,,
цръкꙑ,,Singular,Genitive,црь҆къве,etymological,452/9,Accusative,analogical
цръкꙑ,,Singular,Genitive,црь҆кꙿве,etymological,318/21,Accusative,analogical
цръкꙑ,,Singular,Genitive,цр꙯къве,etymological,541/20,Accusative,analogical
цръкꙑ,,Singular,Genitive,ц꙯рꙿкве,etymological,532/10,Accusative,analogical
кръвь,,Singular,Dative,кръви,ambiguous,457/7,,
кръвь,,Singular,Dative,кръ҆ви,ambiguous,17/21,,
кръвь,,Singular,Dative,крьви,ambiguous,438/18,,
кръвь,,Singular,Dative,крь҆ви,ambiguous,89/15,,
кръвь,,Singular,Dative,крь҆ви,ambiguous,420/16,,
любꙑ,,Singular,Dative,любʼви,ambiguous,88/23,,
любꙑ,,Singular,Dative,любьви,ambiguous,,,
любꙑ,,Singular,Dative,любꙿви,ambiguous,388/27,,
неплодꙑ,,Singular,Dative,неплодь҆ви,ambiguous,245/13,,
смокꙑ,,Singular,Dative,смокви,ambiguous,345/4,,
смокꙑ,,Singular,Dative,смокви,ambiguous,346/13,,
смокꙑ,,Singular,Dative,смокви,ambiguous,347/1,,
смокꙑ,,Singular,Dative,смокви,ambiguous,350/4,,
смокꙑ,,Singular,Dative,смокви,ambiguous,350/5,,
смокꙑ,,Singular,Dative,смокви,ambiguous,350/19,,
цръкꙑ,,Singular,Dative,цръкви,ambiguous,119/17,,
цръкꙑ,,Singular,Dative,цръкви,ambiguous,215/4,,
цръкꙑ,,Singular,Dative,цръкъви,ambiguous,124/28,,
цръкꙑ,,Singular,Dative,цръкъви,ambiguous,221/25,,
цръкꙑ,,Singular,Dative,цръкꙿві,ambiguous,460/16,,
цръкꙑ,,Singular,Dative,црькви,ambiguous,298/18,,
цръкꙑ,,Singular,Dative,црькъви,ambiguous,288/11,,
цръкꙑ,,Singular,Dative,црь҆кви,ambiguous,121/6,,
цръкꙑ,,Singular,Dative,црь҆кви,ambiguous,122/16,,
цръкꙑ,,Singular,Dative,црь҆кви,ambiguous,282/5,,
цръкꙑ,,Singular,Dative,црь҆кви,ambiguous,517/21,,
цръкꙑ,,Singular,Dative,црь҆къви,ambiguous,298/1,,
цръкꙑ,,Singular,Dative,црь҆къви,ambiguous,298/6,,
брадꙑ,,Singular,Instrumental,брадвиѭ҄,ambiguous,237/2,,
брадꙑ,,Singular,Instrumental,брадъвиѭ҄,ambiguous,161/29,,
кръвь,,Singular,Instrumental,кръвиѭ҄,ambiguous,332/1,,
кръвь,,Singular,Instrumental,кръвиѭ҄,ambiguous,385/27,,
кръвь,,Singular,Instrumental,кръвьѭ҄,ambiguous,77/24,,
кръвь,,Singular,Instrumental,кръвь҆ѭ҄,ambiguous,331/28,,
кръвь,,Singular,Instrumental,кръвь҆ѭ҄,ambiguous,417/16,,
кръвь,,Singular,Instrumental,кръвь҆ѭ҄,ambiguous,483/5,,
кръвь,,Singular,Instrumental,кръвь҆ѭ҄,ambiguous,535/29,,
кръвь,,Singular,Instrumental,кръвь҆ѭ҄,ambiguous,543/3,,
кръвь,,Singular,Instrumental,крьвиѭ҄,ambiguous,397/15,,
кръвь,,Singular,Instrumental,крь҆виѭ҄,ambiguous,117/17,,
любꙑ,,Singular,Instrumental,любвь҆ѭ҄,ambiguous,557/14,,
любꙑ,,Singular,Instrumental,любьвиѭ҄,ambiguous,546/9,,
любꙑ,,Singular,Instrumental,любь҆виѭ҄,ambiguous,335/6,,
любꙑ,,Singular,Instrumental,любь҆виѭ҄,ambiguous,463/24,,
любꙑ,,Singular,Instrumental,любь҆виѭ҄,ambiguous,550/21,,
любꙑ,,Singular,Instrumental,любь҆вьѭ҄,ambiguous,84/21,,
любꙑ,,Singular,Instrumental,любь҆вьѭ҄,ambiguous,273/30,,
любꙑ,,Singular,Instrumental,любь҆вь҆ѭ҄,ambiguous,54/17,,
любꙑ,,Singular,Instrumental,любь҆вь҆ѭ҄,ambiguous,251/26,,
смокꙑ,,Singular,Instrumental,смокъвиѭ҄,ambiguous,350/6,,
смокꙑ,,Singular,Instrumental,смокъвиѭ҄,ambiguous,350/8,,
кръвь,,Singular,Locative,крь҆ви,analogical,94/11,,
любꙑ,,Singular,Locative,любꙿви,analogical,546/19,,
любꙑ,,Singular,Locative,любꙿви,analogical,570/25,,
смокꙑ,,Singular,Locative,смокви,analogical,343/2,,
смокꙑ,,Singular,Locative,смокви,analogical,343/17,,
смокꙑ,,Singular,Locative,смокꙿви,analogical,347/26,,
цръкꙑ,,Singular,Locative,цръкви,analogical,199/25,,
цръкꙑ,,Singular,Locative,цръкви,analogical,298/29,,
цръкꙑ,,Singular,Locative,цръкви,analogical,299/4,,
цръкꙑ,,Singular,Locative,цръкви,analogical,136/19,,
цръкꙑ,,Singular,Locative,цръкъве,etymological,208/15,Accusative,analogical
цръкꙑ,,Singular,Locative,цръкъве,etymological,220/29,Accusative,analogical
цръкꙑ,,Singular,Locative,цръкъве,etymological,227/27,Accusative,analogical
цръкꙑ,,Singular,Locative,цръкъве,etymological,229/6,Accusative,analogical
цръкꙑ,,Singular,Locative,цръкъви,analogical,208/19,,
цръкꙑ,,Singular,Locative,цръкъви,analogical,209/8,,
цръкꙑ,,Singular,Locative,цръкꙿве,etymological,285/10,Accusative,analogical
цръкꙑ,,Singular,Locative,цръкꙿви,analogical,221/16,,
цръкꙑ,,Singular,Locative,црькви,analogical,485/26,,
цръкꙑ,,Singular,Locative,црькъве,etymological,221/19,Accusative,analogical
цръкꙑ,,Singular,Locative,црь҆кʼве,etymological,52/8,Accusative,analogical
цръкꙑ,,Singular,Locative,црь҆кве,etymological,219/10,Accusative,analogical
цръкꙑ,,Singular,Locative,црь҆кви,analogical,168/8,,
цръкꙑ,,Singular,Locative,црь҆кви,analogical,198/4,,
цръкꙑ,,Singular,Locative,црь҆кви,analogical,534/29,,
цръкꙑ,,Singular,Locative,црь҆къве,etymological,222/13,Accusative,analogical
цръкꙑ,,Singular,Locative,црь҆къве,etymological,228/1,Accusative,analogical
цръкꙑ,,Singular,Locative,црь҆къве,etymological,228/3,Accusative,analogical
цръкꙑ,,Singular,Locative,црь҆къве,etymological,229/2,,
цръкꙑ,,Singular,Locative,црь҆къве,etymological,288/7,Accusative,analogical
цръкꙑ,,Singular,Locative,црь҆къве,etymological,330/11,Accusative,analogical
цръкꙑ,,Singular,Locative,црь҆кꙿве,etymological,200/13,Accusative,analogical
цръкꙑ,,Singular,Locative,црь҆кꙿви,analogical,534/28,,
жрънꙑ,,Plural,Nominative,жрънви,ambiguous,395/29,,
цръкꙑ,,Plural,Nominative,црь҆кви,ambiguous,354/11,,
жрънꙑ,,Plural,Accusative,жрънъви,ambiguous,565/8,,
кръвь,,Plural,Accusative,кръви,ambiguous,387/11,,
кръвь,,Plural,Accusative,крь҆ви,ambiguous,387/9,,
смокꙑ,,Plural,Accusative,смокви,ambiguous,300/24,,
смокꙑ,,Plural,Accusative,смокви,ambiguous,300/29,,
смокꙑ,,Plural,Accusative,смокви,ambiguous,345/22,,
хорѫгꙑ,,Plural,Accusative,хорѫгви,ambiguous,179/12,,
цръкꙑ,,Plural,Accusative,цръкви,ambiguous,190/22,,
цръкꙑ,,Plural,Accusative,цръкви,ambiguous,190/24,,
цръкꙑ,,Plural,Accusative,цръкви,ambiguous,191/29,,
цръкꙑ,,Plural,Accusative,цръкви,ambiguous,192/8,,
цръкꙑ,,Plural,Accusative,цръкви,ambiguous,192/29,,
цръкꙑ,,Plural,Accusative,цръкви,ambiguous,194/14,,
цръкꙑ,,Plural,Accusative,цръкви,ambiguous,195/3,,
цръкꙑ,,Plural,Accusative,цръкви,ambiguous,200/25,,
цръкꙑ,,Plural,Accusative,цръкви,ambiguous,255/2,,
цръкꙑ,,Plural,Accusative,цръкъви,ambiguous,199/28,,
цръкꙑ,,Plural,Accusative,цръкъви,ambiguous,357/19,,
цръкꙑ,,Plural,Accusative,цръкꙿви,ambiguous,200/18,,
цръкꙑ,,Plural,Accusative,црь҆кви,ambiguous,254/29,,
цръкꙑ,,Plural,Accusative,црь҆къви,ambiguous,192/14,,
цръкꙑ,,Plural,Accusative,црь҆къви,ambiguous,319/3,,
цръкꙑ,,Plural,Accusative,црь҆кꙿви,ambiguous,200/29,,
цръкꙑ,,Plural,Genitive,цръкъвъ,etymological,200/12,,
цръкꙑ,,Plural,Genitive,цръкъвъ,etymological,200/16,,
цръкꙑ,,Plural,Genitive,цръкъвъ,etymological,200/28,,
цръкꙑ,,Plural,Genitive,црькъвъ,etymological,199/16,,
кръвь,,Plural,Dative,кръвь҆мъ,etymological,221/19,,
цръкꙑ,,Plural,Dative,црькъвамъ,analogical,201/6,,
кръвь,,Plural,Instrumental,кръвь҆ми,ambiguous,108/20,,
кръвь,,Plural,Instrumental,кръвь҆ми,ambiguous,217/10,,
цръкꙑ,,Plural,Locative,црькъвахъ,analogical,420/26,,
