Token Number,Lemma,Number,Case,Form,Stemtype,Birnbaum,SEV,stem type must be
16972,кръвь,Singular,Nominative,кръвь҆,analogical,53r27,103/27,
67942,кръвь,Singular,Nominative,кръвь҆,analogical,210r22,419/22,
80350,кръвь,Singular,Nominative,кръвь҆,analogical,243r13,485/13,
69469,кръвь,Singular,Nominative,крьвь,analogical,214v05,428/5,
67914,кръвь,Singular,Nominative,крьвь҆,analogical,210r18,419/18,
36825,кръвь,Singular,Nominative,крь҆вь,analogical,118v11,236/11,
67931,кръвь,Singular,Nominative,крь҆вь҆,analogical,210r21,419/21,
78101,кръвь,Singular,Nominative,крь҆вь҆,analogical,237v10,474/10,
79878,кръвь,Singular,Nominative,крь҆вь҆,analogical,242r04,483/4,
79998,кръвь,Singular,Nominative,крь҆вь҆,analogical,242r21,483/21,
80013,кръвь,Singular,Nominative,крь҆вь҆,analogical,242r23,483/23,
43214,любꙑ,Singular,Nominative,любꙑ,etymological,138r01,275/1,
52712,любꙑ,Singular,Nominative,любꙑ,etymological,166v21,332/21,
64272,любꙑ,Singular,Nominative,любꙑ,etymological,200v03,400/3,
65144,любꙑ,Singular,Nominative,любꙑ,etymological,202v29,404/29,
74713,любꙑ,Singular,Nominative,любꙑ,etymological,228v15,456/15,
38934,неплодꙑ,Singular,Nominative,неплодꙑ,etymological,125r12,249/12,
54838,смокꙑ,Singular,Nominative,смокви,analogical,173v05,346/5,
55162,смокꙑ,Singular,Nominative,смокви,analogical,174v04,348/4,
47461,смокꙑ,Singular,Nominative,смокꙑ,etymological,151r12,301/12,
54702,смокꙑ,Singular,Nominative,смокꙑ,etymological,173r10,345/10,
54781,смокꙑ,Singular,Nominative,смокꙑ,etymological,173r25,345/25,
55538,смокꙑ,Singular,Nominative,смокꙑ,etymological,175v12,350/12,
55560,смокꙑ,Singular,Nominative,смокꙑ,etymological,175v15,350/15,
55583,смокꙑ,Singular,Nominative,смокꙑ,etymological,175v19,350/19,
55810,смокꙑ,Singular,Nominative,смокꙑ,etymological,176v01,352/1,
55839,смокꙑ,Singular,Nominative,смокꙑ,etymological,176v06,352/6,
34622,цръкꙑ,Singular,Nominative,цръкꙑ,etymological,111r23,221/23,
44378,цръкꙑ,Singular,Nominative,цръкꙑ,etymological,141v17,282/17,
52691,цръкꙑ,Singular,Nominative,цръкꙑ,etymological,166v16,332/16,
55363,цръкꙑ,Singular,Nominative,цръкꙑ,etymological,175r13,349/13,
90238,цръкꙑ,Singular,Nominative,цръкꙑ,etymological,267v07,534/7,
67707,цръкꙑ,Singular,Nominative,црькꙑ,etymological,209v13,418/13,
31207,цръкꙑ,Singular,Nominative,црь҆кꙑ,etymological,99v07,198/7,
63605,цръкꙑ,Singular,Nominative,црь҆кꙑ,etymological,198v04,396/4,
67171,кръвь,Singular,Accusative,кръвь,ambiguous,208r14,415/14,
9835,кръвь,Singular,Accusative,кръвь҆,ambiguous,30v23,60/23,
56141,кръвь,Singular,Accusative,кръвь҆,ambiguous,177v02,354/2,
67050,кръвь,Singular,Accusative,крьвь,ambiguous,207v24,414/24,
67981,кръвь,Singular,Accusative,крьвь,ambiguous,210r29,419/29,
74926,кръвь,Singular,Accusative,крьвь,ambiguous,229r21,457/21,
79971,кръвь,Singular,Accusative,крьвь,ambiguous,242r17,483/17,
99054,кръвь,Singular,Accusative,крьвь,ambiguous,72r23,141/23,
67037,кръвь,Singular,Accusative,крьвь҆,ambiguous,207v22,414/22,
83139,кръвь,Singular,Accusative,крьвь҆,ambiguous,250r29,499/29,
64077,кръвь,Singular,Accusative,крь҆вь,ambiguous,199v27,398/27,
68480,кръвь,Singular,Accusative,крь҆вь,ambiguous,211v16,422/16,
89029,кръвь,Singular,Accusative,крь҆вь,ambiguous,264v11,528/11,
20246,кръвь,Singular,Accusative,крь҆вь҆,ambiguous,62v16,122/16,
57660,кръвь,Singular,Accusative,крь҆вь҆,ambiguous,181v30,362/30,
62104,кръвь,Singular,Accusative,крь҆вь҆,ambiguous,194r12,387/12,
79987,кръвь,Singular,Accusative,крь҆вь҆,ambiguous,242r19,483/19,
63459,любꙑ,Singular,Accusative,любьве,analogical,198r10,395/10,
47064,любꙑ,Singular,Accusative,любьвь,ambiguous,150r09,299/9,
31989,любꙑ,Singular,Accusative,любь҆ве,analogical,102r23,203/23,
32011,любꙑ,Singular,Accusative,любь҆ве,analogical,102r27,203/27,
61661,любꙑ,Singular,Accusative,любь҆ве,analogical,192v29,384/29,
61724,любꙑ,Singular,Accusative,любь҆ве,analogical,193r09,385/9,
64190,любꙑ,Singular,Accusative,любь҆ве,analogical,200r19,399/19,
54401,смокꙑ,Singular,Accusative,смокве,analogical,172r20,343/20,
54426,смокꙑ,Singular,Accusative,смокве,analogical,172r25,343/25,
54675,смокꙑ,Singular,Accusative,смокве,analogical,173r07,345/7,
55475,смокꙑ,Singular,Accusative,смокве,analogical,175v02,350/2,
55488,смокꙑ,Singular,Accusative,смокве,analogical,175v03,350/3,
55523,смокꙑ,Singular,Accusative,смокве,analogical,175v09,350/9,
55544,смокꙑ,Singular,Accusative,смокве,analogical,175v13,350/13,
55898,смокꙑ,Singular,Accusative,смокве,analogical,176v18,352/18,
47291,смокꙑ,Singular,Accusative,смокъве,analogical,150v14,300/14,
70007,цръкꙑ,Singular,Accusative,цръкве,analogical,216r10,431/10,
3702,цръкꙑ,Singular,Accusative,цръкъве,analogical,12r21,23/21,
32683,цръкꙑ,Singular,Accusative,цръкъве,analogical,104v15,208/15,
32743,цръкꙑ,Singular,Accusative,цръкъве,analogical,104v27,208/27,
34505,цръкꙑ,Singular,Accusative,цръкъве,analogical,110v29,220/29,
35555,цръкꙑ,Singular,Accusative,цръкъве,analogical,114r27,227/27,
35740,цръкꙑ,Singular,Accusative,цръкъве,analogical,115r06,229/6,
36896,цръкꙑ,Singular,Accusative,цръкъве,analogical,118v26,236/26,
44794,цръкꙑ,Singular,Accusative,цръкꙿве,analogical,143r10,285/10,
34600,цръкꙑ,Singular,Accusative,црькъве,analogical,111r19,221/19,
35710,цръкꙑ,Singular,Accusative,црькъве,analogical,114v29,228/29,
502,цръкꙑ,Singular,Accusative,црькъвь,ambiguous,2v02,4/2,
8489,цръкꙑ,Singular,Accusative,црь҆кʼве,analogical,26v08,52/8,
34282,цръкꙑ,Singular,Accusative,црь҆кве,analogical,110r10,219/10,
5634,цръкꙑ,Singular,Accusative,црь҆къве,analogical,18r09,35/9,
33620,цръкꙑ,Singular,Accusative,црь҆къве,analogical,107v28,214/28,
34723,цръкꙑ,Singular,Accusative,црь҆къве,analogical,111v13,222/13,
35575,цръкꙑ,Singular,Accusative,црь҆къве,analogical,114v01,228/1,
35585,цръкꙑ,Singular,Accusative,црь҆къве,analogical,114v03,228/3,
35667,цръкꙑ,Singular,Accusative,црь҆къве,analogical,114v20,228/20,
43881,цръкꙑ,Singular,Accusative,црь҆къве,analogical,140r11,279/11,
44250,цръкꙑ,Singular,Accusative,црь҆къве,analogical,141r24,281/24,
45277,цръкꙑ,Singular,Accusative,црь҆къве,analogical,144v07,288/7,
52332,цръкꙑ,Singular,Accusative,црь҆къве,analogical,165v11,330/11,
73916,цръкꙑ,Singular,Accusative,црь҆къве,analogical,226v09,452/9,
80450,цръкꙑ,Singular,Accusative,црь҆къвь҆,ambiguous,243r28,485/28,
84259,цръкꙑ,Singular,Accusative,црь҆къвь҆,ambiguous,253r09,505/9,
31526,цръкꙑ,Singular,Accusative,црь҆кꙿве,analogical,100v13,200/13,
50474,цръкꙑ,Singular,Accusative,црь҆кꙿве,analogical,159v21,318/21,
91748,цръкꙑ,Singular,Accusative,цр꙯къве,analogical,271r20,541/20,
89841,цръкꙑ,Singular,Accusative,ц꙯рꙿкве,analogical,266v10,532/10,
22649,кръвь,Singular,Genitive,кръве,etymological,69v04,136/4,
77696,кръвь,Singular,Genitive,кръви,analogical,236v07,472/7,
90257,кръвь,Singular,Genitive,кръви,analogical,267v10,534/10,
91729,кръвь,Singular,Genitive,кръви,analogical,271r18,541/18,
9264,кръвь,Singular,Genitive,крьви,analogical,29r09,57/9,
67154,кръвь,Singular,Genitive,крьви,analogical,208r11,415/11,
8353,кръвь,Singular,Genitive,крь҆ви,analogical,26r13,51/13,
8365,кръвь,Singular,Genitive,крь҆ви,analogical,26r15,51/15,
62197,кръвь,Singular,Genitive,крь҆ви,analogical,194r28,387/28,
7986,любꙑ,Singular,Genitive,любьве,etymological,25r05,49/5,
8156,любꙑ,Singular,Genitive,любьве,etymological,25v08,50/8,
11532,любꙑ,Singular,Genitive,любьве,etymological,36r13,71/13,
32479,любꙑ,Singular,Genitive,любь҆ве,etymological,104r03,207/3,
34523,любꙑ,Singular,Genitive,любь҆ве,etymological,111r02,221/2,
36839,любꙑ,Singular,Genitive,любь҆ве,etymological,118v14,236/14,
39688,любꙑ,Singular,Genitive,любь҆ве,etymological,127v05,254/5,
42053,любꙑ,Singular,Genitive,любь҆ве,etymological,134r23,267/23,
46251,любꙑ,Singular,Genitive,любь҆ве,etymological,147v14,294/14,
56669,любꙑ,Singular,Genitive,любь҆ве,etymological,179r06,357/6,
65359,любꙑ,Singular,Genitive,любь҆ве,etymological,203v04,406/4,
69105,любꙑ,Singular,Genitive,любь҆ве,etymological,213v02,426/2,
74230,любꙑ,Singular,Genitive,любь҆ве,etymological,227r30,453/30,
55612,смокꙑ,Singular,Genitive,смокве,etymological,175v25,350/25,
47250,смокꙑ,Singular,Genitive,смокꙿве,etymological,150v07,300/7,
35807,цръкꙑ,Singular,Genitive,цръкве,etymological,115r20,229/20,
22049,цръкꙑ,Singular,Genitive,цръкъве,etymological,67v21,132/21,
22247,цръкꙑ,Singular,Genitive,цръкъве,etymological,68r25,133/25,
30688,цръкꙑ,Singular,Genitive,цръкъве,etymological,97v24,194/24,
32814,цръкꙑ,Singular,Genitive,цръкъве,etymological,105r13,209/13,
39753,цръкꙑ,Singular,Genitive,цръкъве,etymological,127v18,254/18,
32773,цръкꙑ,Singular,Genitive,црькъве,etymological,105r05,209/5,
89405,цръкꙑ,Singular,Genitive,црькъве,etymological,265v06,530/6,
29498,цръкꙑ,Singular,Genitive,црь҆кве,etymological,93v18,186/18,
98705,цръкꙑ,Singular,Genitive,црь҆кве,etymological,71r23,139/23,
21960,цръкꙑ,Singular,Genitive,црь҆къве,etymological,67v07,132/7,
22090,цръкꙑ,Singular,Genitive,црь҆къве,etymological,67v29,132/29,
35787,цръкꙑ,Singular,Genitive,црь҆къве,etymological,115r15,229/15,
36869,цръкꙑ,Singular,Genitive,црь҆къве,etymological,118v20,236/20,
46539,цръкꙑ,Singular,Genitive,црь҆къве,etymological,148v05,296/5,
74844,кръвь,Singular,Dative,кръви,ambiguous,229r07,457/7,
2702,кръвь,Singular,Dative,кръ҆ви,ambiguous,9r21,17/21,
71303,кръвь,Singular,Dative,крьви,ambiguous,219v18,438/18,
14565,кръвь,Singular,Dative,крь҆ви,ambiguous,46r15,89/15,
68094,кръвь,Singular,Dative,крь҆ви,ambiguous,210v16,420/16,
14441,любꙑ,Singular,Dative,любʼви,ambiguous,45v23,88/23,
65189,любꙑ,Singular,Dative,любьви,ambiguous,,,
62361,любꙑ,Singular,Dative,любꙿви,ambiguous,194v27,388/27,
38310,неплодꙑ,Singular,Dative,неплодь҆ви,ambiguous,123r13,245/13,
54663,смокꙑ,Singular,Dative,смокви,ambiguous,173r04,345/4,
54880,смокꙑ,Singular,Dative,смокви,ambiguous,173v13,346/13,
54985,смокꙑ,Singular,Dative,смокви,ambiguous,174r01,347/1,
55491,смокꙑ,Singular,Dative,смокви,ambiguous,175v04,350/4,
55500,смокꙑ,Singular,Dative,смокви,ambiguous,175v05,350/5,
55580,смокꙑ,Singular,Dative,смокви,ambiguous,175v19,350/19,
55191,смокꙑ,Singular,Dative,смокꙿви,etymological,174v09,348/9,
19706,цръкꙑ,Singular,Dative,цръкви,ambiguous,61r17,119/17,
33647,цръкꙑ,Singular,Dative,цръкви,ambiguous,108r04,215/4,
20653,цръкꙑ,Singular,Dative,цръкъви,ambiguous,63v28,124/28,
34632,цръкꙑ,Singular,Dative,цръкъви,ambiguous,111r25,221/25,
75446,цръкꙑ,Singular,Dative,цръкꙿві,ambiguous,230v16,460/16,
46956,цръкꙑ,Singular,Dative,црькви,ambiguous,149v18,298/18,
45299,цръкꙑ,Singular,Dative,црькъви,ambiguous,144v11,288/11,
19998,цръкꙑ,Singular,Dative,црь҆кви,ambiguous,62r06,121/6,
20241,цръкꙑ,Singular,Dative,црь҆кви,ambiguous,62v16,122/16,
44308,цръкꙑ,Singular,Dative,црь҆кви,ambiguous,141v05,282/5,
86797,цръкꙑ,Singular,Dative,црь҆кви,ambiguous,259r21,517/21,
46872,цръкꙑ,Singular,Dative,црь҆къви,ambiguous,149v01,298/1,
46893,цръкꙑ,Singular,Dative,црь҆къви,ambiguous,149v06,298/6,
36932,брадꙑ,Singular,Instrumental,брадвиѭ҄,ambiguous,119r02,237/2,
25952,брадꙑ,Singular,Instrumental,брадъвиѭ҄,ambiguous,82r29,161/29,
52616,кръвь,Singular,Instrumental,кръвиѭ҄,ambiguous,166v01,332/1,
61833,кръвь,Singular,Instrumental,кръвиѭ҄,ambiguous,193r27,385/27,
12629,кръвь,Singular,Instrumental,кръвьѭ҄,ambiguous,40r24,77/24,
52596,кръвь,Singular,Instrumental,кръвь҆ѭ҄,ambiguous,166r28,331/28,
67543,кръвь,Singular,Instrumental,кръвь҆ѭ҄,ambiguous,209r16,417/16,
79891,кръвь,Singular,Instrumental,кръвь҆ѭ҄,ambiguous,242r05,483/5,
90572,кръвь,Singular,Instrumental,кръвь҆ѭ҄,ambiguous,268r29,535/29,
92021,кръвь,Singular,Instrumental,кръвь҆ѭ҄,ambiguous,272r03,543/3,
63849,кръвь,Singular,Instrumental,крьвиѭ҄,ambiguous,199r15,397/15,
19345,кръвь,Singular,Instrumental,крь҆виѭ҄,ambiguous,60r17,117/17,
95167,любꙑ,Singular,Instrumental,любвь҆ѭ҄,ambiguous,279r14,557/14,
92651,любꙑ,Singular,Instrumental,любьвиѭ҄,ambiguous,273v09,546/9,
53136,любꙑ,Singular,Instrumental,любь҆виѭ҄,ambiguous,168r06,335/6,
76066,любꙑ,Singular,Instrumental,любь҆виѭ҄,ambiguous,232r24,463/24,
93665,любꙑ,Singular,Instrumental,любь҆виѭ҄,ambiguous,275v21,550/21,
13809,любꙑ,Singular,Instrumental,любь҆вьѭ҄,ambiguous,43v21,84/21,
43048,любꙑ,Singular,Instrumental,любь҆вьѭ҄,ambiguous,137r30,273/30,
8831,любꙑ,Singular,Instrumental,любь҆вь҆ѭ҄,ambiguous,27v17,54/17,
39318,любꙑ,Singular,Instrumental,любь҆вь҆ѭ҄,ambiguous,126r26,251/26,
55506,смокꙑ,Singular,Instrumental,смокъвиѭ҄,ambiguous,175v06,350/6,
55519,смокꙑ,Singular,Instrumental,смокъвиѭ҄,ambiguous,175v08,350/8,
15343,кръвь,Singular,Locative,крь҆ви,analogical,48v11,94/11,
92731,любꙑ,Singular,Locative,любꙿви,analogical,273v19,546/19,
98059,любꙑ,Singular,Locative,любꙿви,analogical,285v25,570/25,
54307,смокꙑ,Singular,Locative,смокви,analogical,172r02,343/2,
54379,смокꙑ,Singular,Locative,смокви,analogical,172r17,343/17,
55115,смокꙑ,Singular,Locative,смокꙿви,analogical,174r26,347/26,
31447,цръкꙑ,Singular,Locative,цръкви,analogical,100r25,199/25,
47017,цръкꙑ,Singular,Locative,цръкви,analogical,149v29,298/29,
47039,цръкꙑ,Singular,Locative,цръкви,analogical,150r04,299/4,
98118,цръкꙑ,Singular,Locative,цръкви,analogical,69v19,136/19,
32703,цръкꙑ,Singular,Locative,цръкъви,analogical,104v19,208/19,
32789,цръкꙑ,Singular,Locative,цръкъви,analogical,105r08,209/8,
34583,цръкꙑ,Singular,Locative,цръкꙿви,analogical,111r16,221/16,
80443,цръкꙑ,Singular,Locative,црькви,analogical,243r26,485/26,
26916,цръкꙑ,Singular,Locative,црь҆кви,analogical,85v08,168/8,
31194,цръкꙑ,Singular,Locative,црь҆кви,analogical,99v04,198/4,
90373,цръкꙑ,Singular,Locative,црь҆кви,analogical,267v29,534/29,
35724,цръкꙑ,Singular,Locative,црь҆къве,etymological,115r02,229/2,
90364,цръкꙑ,Singular,Locative,црь҆кꙿви,analogical,267v28,534/28,
63574,жрънꙑ,Plural,Nominative,жрънви,ambiguous,198r29,395/29,
56194,цръкꙑ,Plural,Nominative,црь҆кви,ambiguous,177v11,354/11,
96826,жрънꙑ,Plural,Accusative,жрънъви,ambiguous,283r08,565/8,
62099,кръвь,Plural,Accusative,кръви,ambiguous,194r11,387/11,
62084,кръвь,Plural,Accusative,крь҆ви,ambiguous,194r09,387/9,
47352,смокꙑ,Plural,Accusative,смокви,ambiguous,150v24,300/24,
47382,смокꙑ,Plural,Accusative,смокви,ambiguous,150v29,300/29,
54762,смокꙑ,Plural,Accusative,смокви,ambiguous,173r22,345/22,
28494,хорѫгꙑ,Plural,Accusative,хорѫгви,ambiguous,90r12,179/12,
30053,цръкꙑ,Plural,Accusative,цръкви,ambiguous,95v22,190/22,
30065,цръкꙑ,Plural,Accusative,цръкви,ambiguous,95v24,190/24,
30231,цръкꙑ,Plural,Accusative,цръкви,ambiguous,96r29,191/29,
30283,цръкꙑ,Plural,Accusative,цръкви,ambiguous,96v08,192/8,
30389,цръкꙑ,Plural,Accusative,цръкви,ambiguous,96v29,192/29,
30634,цръкꙑ,Plural,Accusative,цръкви,ambiguous,97v14,194/14,
30726,цръкꙑ,Plural,Accusative,цръкви,ambiguous,98r03,195/3,
31590,цръкꙑ,Plural,Accusative,цръкви,ambiguous,100v25,200/25,
39835,цръкꙑ,Plural,Accusative,цръкви,ambiguous,128r02,255/2,
31456,цръкꙑ,Plural,Accusative,цръкъви,ambiguous,100r28,199/28,
56743,цръкꙑ,Plural,Accusative,цръкъви,ambiguous,179r19,357/19,
31549,цръкꙑ,Plural,Accusative,цръкꙿви,ambiguous,100v18,200/18,
39821,цръкꙑ,Plural,Accusative,црь҆кви,ambiguous,127v29,254/29,
30313,цръкꙑ,Plural,Accusative,црь҆къви,ambiguous,96v14,192/14,
50539,цръкꙑ,Plural,Accusative,црь҆къви,ambiguous,160r03,319/3,
31608,цръкꙑ,Plural,Accusative,црь҆кꙿви,ambiguous,100v29,200/29,
31518,цръкꙑ,Plural,Genitive,цръкъвъ,etymological,100v12,200/12,analogical
31539,цръкꙑ,Plural,Genitive,цръкъвъ,etymological,100v16,200/16,analogical
31599,цръкꙑ,Plural,Genitive,цръкъвъ,etymological,100v28,200/28,analogical
31407,цръкꙑ,Plural,Genitive,црькъвъ,etymological,100r16,199/16,analogical
34601,кръвь,Plural,Dative,кръвь҆мъ,etymological,111r19,221/19,analogical
31631,цръкꙑ,Plural,Dative,црькъвамъ,analogical,101r06,201/6,etymological
17794,кръвь,Plural,Instrumental,кръвь҆ми,ambiguous,55v20,108/20,analogical
33963,кръвь,Plural,Instrumental,кръвь҆ми,ambiguous,109r10,217/10,analogical
68161,цръкꙑ,Plural,Locative,црькъвахъ,analogical,210v26,420/26,etymological
