target_idx,target_stemtype,target_form,target_lemma,target_chapter,target_folio,target_line,position,is_target,form,lemma,stem,stemtype,case,number,chapter,folio,line
1518,analogical,словомъ,слово,1,005v,09,-3,False,дръжимыи͑хъ,дрьжати,,,G,Pl,1,005v,08
1518,analogical,словомъ,слово,1,005v,09,-2,False,а͑домъ,адъ,o stem masc,etymological,I,Sg,1,005v,08
1518,analogical,словомъ,слово,1,005v,09,-1,False,свои͑мъ,свои,,,I,Sg,1,005v,09
1518,analogical,словомъ,слово,1,005v,09,0,True,словомъ,слово,s stem,analogical,I,Sg,1,005v,09
1518,analogical,словомъ,слово,1,005v,09,1,False,ѥ͑же,иже,,,N,Sg,1,005v,09
1518,analogical,словомъ,слово,1,005v,09,2,False,ѥ͑стъ,бꙑти,,,,Sg,1,005v,09
1518,analogical,словомъ,слово,1,005v,09,3,False,ѥ͑го,и,,,G,Sg,1,005v,09
1780,analogical,словомъ,слово,1,006r,27,-3,False,сⱕ,себе,,,A,Sg,1,006r,27
1780,analogical,словомъ,слово,1,006r,27,-2,False,съ,съ,,,,,1,006r,27
1780,analogical,словомъ,слово,1,006r,27,-1,False,бж͆иѥ͑мъ,божии,,,I,Sg,1,006r,27
1780,analogical,словомъ,слово,1,006r,27,0,True,словомъ,слово,s stem,analogical,I,Sg,1,006r,27
1780,analogical,словомъ,слово,1,006r,27,1,False,и͑,и,,,,,1,006r,28
1780,analogical,словомъ,слово,1,006r,27,2,False,того,тъ,,,G,Sg,1,006r,28
1780,analogical,словомъ,слово,1,006r,27,3,False,ради,ради,,,,,1,006r,28
5857,analogical,тѣломь,тѣло,3,018v,21,-3,False,а͑кы,акꙑ,,,,,3,018v,20
5857,analogical,тѣломь,тѣло,3,018v,21,-2,False,старица,старица,ja stem fem,,N,Sg,3,018v,20
5857,analogical,тѣломь,тѣло,3,018v,21,-1,False,растрьзана,растрьѕати,,,N,Sg,3,018v,21
5857,analogical,тѣломь,тѣло,3,018v,21,0,True,тѣломь,тѣло,s stem,analogical,I,Sg,3,018v,21
5857,analogical,тѣломь,тѣло,3,018v,21,1,False,и͑,и,,,,,3,018v,21
5857,analogical,тѣломь,тѣло,3,018v,21,2,False,вь͗скрича,въскричати,,,,Sg,3,018v,21
5857,analogical,тѣломь,тѣло,3,018v,21,3,False,весь,вьсь,,,N,Sg,3,018v,21
13595,analogical,словомъ,слово,6,043r,10,-3,False,шарописател҄е,шарописатель,tel stem,etymological,N,Pl,6,043r,09
13595,analogical,словомъ,слово,6,043r,10,-2,False,начрь͗таѭ҄тʼ,начрьтати,,,,Pl,6,043r,09
13595,analogical,словомъ,слово,6,043r,10,-1,False,о͑ви,овъ,,,N,Pl,6,043r,10
13595,analogical,словомъ,слово,6,043r,10,0,True,словомъ,слово,s stem,analogical,I,Sg,6,043r,10
13595,analogical,словомъ,слово,6,043r,10,1,False,о҄украшаѭ҄ште,оукрашати,,,N,Pl,6,043r,10
13595,analogical,словомъ,слово,6,043r,10,2,False,а͑,а,,,,,6,043r,10
13595,analogical,словомъ,слово,6,043r,10,3,False,сии͗,сь,,,N,Pl,6,043r,10
17042,analogical,словомъ,слово,7,053v,09,-3,False,а͑нѳупатъ,анѳѵпатъ,o stem masc,ambiguous,N,Sg,7,053v,08
17042,analogical,словомъ,слово,7,053v,09,-2,False,рече,рещи,,,,Sg,7,053v,09
17042,analogical,словомъ,слово,7,053v,09,-1,False,ть͗мномъ,тьмьнъ,,,I,Sg,7,053v,09
17042,analogical,словомъ,слово,7,053v,09,0,True,словомъ,слово,s stem,analogical,I,Sg,7,053v,09
17042,analogical,словомъ,слово,7,053v,09,1,False,хоулиши,хоулити,,,,Sg,7,053v,09
17042,analogical,словомъ,слово,7,053v,09,2,False,мь͗нꙙ,мьнѣти,,,N,Sg,7,053v,09
17042,analogical,словомъ,слово,7,053v,09,3,False,зазь͗рѣти,зазьрѣти,,,,,7,053v,10
17055,etymological,словесемъ,слово,7,053v,11,-3,False,ст͆ꙑи,свѧтъ,,,N,Sg,7,053v,11
17055,etymological,словесемъ,слово,7,053v,11,-2,False,кодратъ,кодратъ,o stem masc,ambiguous,N,Sg,7,053v,11
17055,etymological,словесемъ,слово,7,053v,11,-1,False,рече,рещи,,,,Sg,7,053v,11
17055,etymological,словесемъ,слово,7,053v,11,0,True,словесемъ,слово,s stem,etymological,I,Sg,7,053v,11
17055,etymological,словесемъ,слово,7,053v,11,1,False,ть͗мнꙑи͗мъ,тьмьнъ,,,I,Sg,7,053v,12
17055,etymological,словесемъ,слово,7,053v,11,2,False,добрѣ,добрѣ,,,,,7,053v,12
17055,etymological,словесемъ,слово,7,053v,11,3,False,рече,рещи,,,,Sg,7,053v,12
17070,etymological,словесемъ,слово,7,053v,14,-3,False,свѣтъла,свѣтьлъ,,,N,Sg,7,053v,14
17070,etymological,словесемъ,слово,7,053v,14,-2,False,свѣтъломъ,свѣтьлъ,,,I,Sg,7,053v,14
17070,etymological,словесемъ,слово,7,053v,14,-1,False,о̑убо,оубо,,,,,7,053v,14
17070,etymological,словесемъ,слово,7,053v,14,0,True,словесемъ,слово,s stem,etymological,I,Sg,7,053v,14
17070,etymological,словесемъ,слово,7,053v,14,1,False,прѣродител̑ьнꙑи͗ми,прародительнъ,,,I,Pl,7,053v,15
17070,etymological,словесемъ,слово,7,053v,14,2,False,начь͗нѫ,начѧти,,,,Sg,7,053v,15
17070,etymological,словесемъ,слово,7,053v,14,3,False,гласꙑ,гласъ,o stem masc,etymological,I,Pl,7,053v,15
24815,analogical,тѣломъ,тѣло,11,078v,26,-3,False,погребете,погрети,,,,Pl,11,078v,26
24815,analogical,тѣломъ,тѣло,11,078v,26,-2,False,съ,съ,,,,,11,078v,26
24815,analogical,тѣломъ,тѣло,11,078v,26,-1,False,мои҅мъ,мои,,,I,Sg,11,078v,26
24815,analogical,тѣломъ,тѣло,11,078v,26,0,True,тѣломъ,тѣло,s stem,analogical,I,Sg,11,078v,26
24815,analogical,тѣломъ,тѣло,11,078v,26,1,False,и҅,и,,,,,11,078v,26
24815,analogical,тѣломъ,тѣло,11,078v,26,2,False,се,сь,,,A,Sg,11,078v,26
24815,analogical,тѣломъ,тѣло,11,078v,26,3,False,рекъ,рещи,,,N,Sg,11,078v,26
25226,analogical,тѣломъ,тѣло,12,080r,12,-3,False,сѫдънꙑи,сѫдьнъ,,,A,Sg,12,080r,12
25226,analogical,тѣломъ,тѣло,12,080r,12,-2,False,доушеѭ̑,доуша,ja stem fem,,I,Sg,12,080r,12
25226,analogical,тѣломъ,тѣло,12,080r,12,-1,False,и҅,и,,,,,12,080r,12
25226,analogical,тѣломъ,тѣло,12,080r,12,0,True,тѣломъ,тѣло,s stem,analogical,I,Sg,12,080r,12
25226,analogical,тѣломъ,тѣло,12,080r,12,1,False,҅Антонинъ,антонинъ,o stem masc,ambiguous,N,Sg,12,080r,13
25226,analogical,тѣломъ,тѣло,12,080r,12,2,False,глагола,глаголати,,,,Sg,12,080r,13
25226,analogical,тѣломъ,тѣло,12,080r,12,3,False,въꙁгнѣтите,възгнѣтити,,,,Pl,12,080r,13
26835,analogical,тѣломъ,тѣло,13,085r,25,-3,False,сꙙ,себе,,,A,Sg,13,085r,24
26835,analogical,тѣломъ,тѣло,13,085r,25,-2,False,а҅ште,аще,,,,,13,085r,25
26835,analogical,тѣломъ,тѣло,13,085r,25,-1,False,не,не,,,,,13,085r,25
26835,analogical,тѣломъ,тѣло,13,085r,25,0,True,тѣломъ,тѣло,s stem,analogical,I,Sg,13,085r,25
26835,analogical,тѣломъ,тѣло,13,085r,25,1,False,и҅мꙿже,иже,,,I,Sg,13,085r,25
26835,analogical,тѣломъ,тѣло,13,085r,25,2,False,съгрѣши,съгрѣшити,,,,Sg,13,085r,25
26835,analogical,тѣломъ,тѣло,13,085r,25,3,False,и҅,и,,,,,13,085r,25
27977,analogical,словомъ,слово,15,038r,24,-3,False,и҅,и,,,,,15,038r,23
27977,analogical,словомъ,слово,15,038r,24,-2,False,красънꙑ,красьнъ,,,A,Pl,15,038r,24
27977,analogical,словомъ,слово,15,038r,24,-1,False,и҅,и,,,,,15,038r,24
27977,analogical,словомъ,слово,15,038r,24,0,True,словомъ,слово,s stem,analogical,I,Sg,15,038r,24
27977,analogical,словомъ,слово,15,038r,24,1,False,о҄умѫдренꙑ,оумѫдрити,,,A,Pl,15,038r,24
27977,analogical,словомъ,слово,15,038r,24,2,False,и҅,и,,,,,15,038r,25
27977,analogical,словомъ,слово,15,038r,24,3,False,како,како,,,,,15,038r,25
34840,analogical,словомъ,слово,19,112r,06,-3,False,дивиѧѧ,дивии,,,A,Pl,19,112r,05
34840,analogical,словомъ,слово,19,112r,06,-2,False,животꙑ,животъ,o stem masc,ambiguous,A,Pl,19,112r,05
34840,analogical,словомъ,слово,19,112r,06,-1,False,о҄улавь҆ꙗѧ,оулавлꙗти,,,N,Sg,19,112r,05
34840,analogical,словомъ,слово,19,112r,06,0,True,словомъ,слово,s stem,analogical,I,Sg,19,112r,06
34840,analogical,словомъ,слово,19,112r,06,1,False,хс꙯овомъ,христ(ос)овъ,,,I,Sg,19,112r,06
34840,analogical,словомъ,слово,19,112r,06,2,False,вь҆слѣдьствоваста,въслѣдьствовати,,,,Du,19,112r,06
34840,analogical,словомъ,слово,19,112r,06,3,False,же,же,,,,,19,112r,07
34892,etymological,словесемь҆,слово,19,112r,17,-3,False,рабъ,рабъ,o stem masc,ambiguous,N,Sg,19,112r,16
34892,etymological,словесемь҆,слово,19,112r,17,-2,False,божии,божии,,,N,Sg,19,112r,16
34892,etymological,словесемь҆,слово,19,112r,17,-1,False,а҅ртемонъ,артемонъ,o stem masc,ambiguous,N,Sg,19,112r,16
34892,etymological,словесемь҆,слово,19,112r,17,0,True,словесемь҆,слово,s stem,etymological,I,Sg,19,112r,17
34892,etymological,словесемь҆,слово,19,112r,17,1,False,христосомъ,христ(ос)овъ,,,I,Sg,19,112r,17
34892,etymological,словесемь҆,слово,19,112r,17,2,False,си,сь,,,N,Pl,19,112r,17
34892,etymological,словесемь҆,слово,19,112r,17,3,False,о҄уловь҆ѥ҅ни,оуловити,,,N,Pl,19,112r,17
36185,etymological,небесемь҆,небо,19,116v,04,-3,False,вь҆се,вьсь,,,A,Sg,19,116v,04
36185,etymological,небесемь҆,небо,19,116v,04,-2,False,чоудимоѥ,чоудимъ,,,A,Sg,19,116v,04
36185,etymological,небесемь҆,небо,19,116v,04,-1,False,подъ,подъ,,,,,19,116v,04
36185,etymological,небесемь҆,небо,19,116v,04,0,True,небесемь҆,небо,s stem,etymological,I,Sg,19,116v,04
36185,etymological,небесемь҆,небо,19,116v,04,1,False,и҅,и,,,,,19,116v,04
36185,etymological,небесемь҆,небо,19,116v,04,2,False,господь,господь,i stem masc,ambiguous,N,Sg,19,116v,04
36185,etymological,небесемь҆,небо,19,116v,04,3,False,ѥ҅си,бꙑти,,,,Sg,19,116v,05
38965,analogical,словомъ,слово,21,125r,18,-3,False,мене,азъ,,,G,Sg,21,125r,17
38965,analogical,словомъ,слово,21,125r,18,-2,False,сътворь҆шоуо̑умоу,сътворити,,,Dt,Sg,21,125r,17
38965,analogical,словомъ,слово,21,125r,18,-1,False,вь҆сѣчь҆скаꙗ҆,вьсꙗчьскъ,,,A,Pl,21,125r,17
38965,analogical,словомъ,слово,21,125r,18,0,True,словомъ,слово,s stem,analogical,I,Sg,21,125r,18
38965,analogical,словомъ,слово,21,125r,18,1,False,почто,почьто,,,,,21,125r,18
38965,analogical,словомъ,слово,21,125r,18,2,False,въ,въ,,,,,21,125r,18
38965,analogical,словомъ,слово,21,125r,18,3,False,дь҆вѣ,дъва,,,A,Du,21,125r,18
43608,analogical,словомъ,слово,24,139r,14,-3,False,ꙁаконоположениѥ҆,законоположениѥ,jo stem neutr,etymological,A,Sg,24,139r,13
43608,analogical,словомъ,слово,24,139r,14,-2,False,и҅,и,,,,,24,139r,14
43608,analogical,словомъ,слово,24,139r,14,-1,False,видъ,видъ,o stem masc,ambiguous,A,Sg,24,139r,14
43608,analogical,словомъ,слово,24,139r,14,0,True,словомъ,слово,s stem,analogical,I,Sg,24,139r,14
43608,analogical,словомъ,слово,24,139r,14,1,False,божиѥ҅мъ,божии,,,I,Sg,24,139r,14
43608,analogical,словомъ,слово,24,139r,14,2,False,о҅твръꙁаатъ,отврьзати,,,,Sg,24,139r,15
43608,analogical,словомъ,слово,24,139r,14,3,False,о̑уста,оуста,o stem neutr,etymological,A,Pl,24,139r,15
43969,analogical,словомъ,слово,25,140r,29,-3,False,божь҆ствънѫѭ̑,божьствьнъ,,,I,Sg,25,140r,28
43969,analogical,словомъ,слово,25,140r,29,-2,False,и҅же,иже,,,N,Sg,25,140r,29
43969,analogical,словомъ,слово,25,140r,29,-1,False,плодънꙑи҅мъ,плодьнъ,,,I,Sg,25,140r,29
43969,analogical,словомъ,слово,25,140r,29,0,True,словомъ,слово,s stem,analogical,I,Sg,25,140r,29
43969,analogical,словомъ,слово,25,140r,29,1,False,и҅,и,,,,,25,140r,29
43969,analogical,словомъ,слово,25,140r,29,2,False,дѣломъ,дѣло,o stem neutr,etymological,I,Sg,25,140r,29
43969,analogical,словомъ,слово,25,140r,29,3,False,на,на,,,,,25,140r,30
45264,etymological,словесемь҆,слово,25,144v,04,-3,False,о҅бѣшта,обѣщати,,,,Sg,25,144v,04
45264,etymological,словесемь҆,слово,25,144v,04,-2,False,сꙙ,себе,,,A,Sg,25,144v,04
45264,etymological,словесемь҆,слово,25,144v,04,-1,False,богоу,богъ,o stem masc,etymological,Dt,Sg,25,144v,04
45264,etymological,словесемь҆,слово,25,144v,04,0,True,словесемь҆,слово,s stem,etymological,I,Sg,25,144v,04
45264,etymological,словесемь҆,слово,25,144v,04,1,False,никомоуже,никътоже,,,Dt,Sg,25,144v,05
45264,etymological,словесемь҆,слово,25,144v,04,2,False,съпроста,съпроста,,,,,25,144v,05
45264,etymological,словесемь҆,слово,25,144v,04,3,False,того,тъ,,,G,Sg,25,144v,05
47031,etymological,чоудесьмь,чоудо,25,150r,02,-3,False,проꙁорьнѣѣмь҆,прозорьнъ,,,L,Sg,25,150r,01
47031,etymological,чоудесьмь,чоудо,25,150r,02,-2,False,дароу,даръ,ŭ stem,etymological,L,Sg,25,150r,02
47031,etymological,чоудесьмь,чоудо,25,150r,02,-1,False,и҅,и,,,,,25,150r,02
47031,etymological,чоудесьмь,чоудо,25,150r,02,0,True,чоудесьмь,чоудо,s stem,etymological,I,Sg,25,150r,02
47031,etymological,чоудесьмь,чоудо,25,150r,02,1,False,и҅ꙁмѣнивъ,измѣнити,,,N,Sg,25,150r,02
47031,etymological,чоудесьмь,чоудо,25,150r,02,2,False,сꙙ,себе,,,A,Sg,25,150r,02
47031,etymological,чоудесьмь,чоудо,25,150r,02,3,False,о҅бѣшта,обѣщати,,,,Sg,25,150r,02
48560,analogical,словомъ,слово,26,154r,09,-3,False,о̑учител҄и,оучитель,tel stem,etymological,L,Sg,26,154r,09
48560,analogical,словомъ,слово,26,154r,09,-2,False,о̑ученици,оученикъ,o stem masc,etymological,N,Pl,26,154r,09
48560,analogical,словомъ,слово,26,154r,09,-1,False,ѥ҅моу,и,,,Dt,Sg,26,154r,09
48560,analogical,словомъ,слово,26,154r,09,0,True,словомъ,слово,s stem,analogical,I,Sg,26,154r,09
48560,analogical,словомъ,слово,26,154r,09,1,False,мрь҆твꙑѧ҆,мрьтвъ,,,A,Pl,26,154r,10
48560,analogical,словомъ,слово,26,154r,09,2,False,вь҆ставишꙙ,въставити,,,,Pl,26,154r,10
48560,analogical,словомъ,слово,26,154r,09,3,False,петръ,петръ,o stem masc,ambiguous,N,Sg,26,154r,10
48566,analogical,словомь҆,слово,26,154r,11,-3,False,петръ,петръ,o stem masc,ambiguous,N,Sg,26,154r,10
48566,analogical,словомь҆,слово,26,154r,11,-2,False,тавиѳѫ,тавиѳа,a stem fem,,A,Sg,26,154r,10
48566,analogical,словомь҆,слово,26,154r,11,-1,False,не,не,,,,,26,154r,11
48566,analogical,словомь҆,слово,26,154r,11,0,True,словомь҆,слово,s stem,analogical,I,Sg,26,154r,11
48566,analogical,словомь҆,слово,26,154r,11,1,False,ли,ли,,,,,26,154r,11
48566,analogical,словомь҆,слово,26,154r,11,2,False,вс҆тави,въставити,,,,Sg,26,154r,11
48566,analogical,словомь҆,слово,26,154r,11,3,False,паулъ,павьлъ,o stem masc,ambiguous,N,Sg,26,154r,11
48673,analogical,словомь҆,слово,26,154r,30,-3,False,и҅нъ,инъ,,,N,Sg,26,154r,29
48673,analogical,словомь҆,слово,26,154r,30,-2,False,вѣшта,вѣщати,,,,Sg,26,154r,29
48673,analogical,словомь҆,слово,26,154r,30,-1,False,рь҆ци,рещи,,,,Sg,26,154r,30
48673,analogical,словомь҆,слово,26,154r,30,0,True,словомь҆,слово,s stem,analogical,I,Sg,26,154r,30
48673,analogical,словомь҆,слово,26,154r,30,1,False,и҅,и,,,,,26,154r,30
48673,analogical,словомь҆,слово,26,154r,30,2,False,и҅сцѣлѣѥ҅тъ,ицѣлѣти,,,,Sg,26,154r,30
48673,analogical,словомь҆,слово,26,154r,30,3,False,о҅трокъ,отрокъ,o stem masc,ambiguous,N,Sg,26,154r,30
49448,analogical,словъмъ,слово,27,156v,14,-3,False,вамъ,вꙑ,,,Dt,Pl,27,156v,13
49448,analogical,словъмъ,слово,27,156v,14,-2,False,сѫштемъ,бꙑти,,,Dt,Pl,27,156v,13
49448,analogical,словъмъ,слово,27,156v,14,-1,False,млѣка,млѣко,o stem neutr,etymological,N,Pl,27,156v,14
49448,analogical,словъмъ,слово,27,156v,14,0,True,словъмъ,слово,s stem,analogical,I,Sg,27,156v,14
49448,analogical,словъмъ,слово,27,156v,14,1,False,таже,таже,,,,,27,156v,14
49448,analogical,словъмъ,слово,27,156v,14,2,False,ѥ҅гда,ѥгда,,,,,27,156v,14
49448,analogical,словъмъ,слово,27,156v,14,3,False,ꙁабꙑтиꙗ,забꙑтиѥ,jo stem neutr,etymological,G,Sg,27,156v,14
49907,analogical,тѣломъ,тѣло,27,158r,10,-3,False,о̑убо,оубо,,,,,27,158r,09
49907,analogical,тѣломъ,тѣло,27,158r,10,-2,False,тоу,тоу,,,,,27,158r,09
49907,analogical,тѣломъ,тѣло,27,158r,10,-1,False,нъ,нъ,,,,,27,158r,10
49907,analogical,тѣломъ,тѣло,27,158r,10,0,True,тѣломъ,тѣло,s stem,analogical,I,Sg,27,158r,10
49907,analogical,тѣломъ,тѣло,27,158r,10,1,False,не,не,,,,,27,158r,10
49907,analogical,тѣломъ,тѣло,27,158r,10,2,False,бѣ,бꙑти,,,,Sg,27,158r,10
49907,analogical,тѣломъ,тѣло,27,158r,10,3,False,тоу,тоу,,,,,27,158r,10
50090,analogical,словомь,слово,27,158v,09,-3,False,дѣломъ,дѣло,o stem neutr,etymological,I,Sg,27,158v,08
50090,analogical,словомь,слово,27,158v,09,-2,False,паче,паче,,,,,27,158v,08
50090,analogical,словомь,слово,27,158v,09,-1,False,и҅ли,или,,,,,27,158v,09
50090,analogical,словомь,слово,27,158v,09,0,True,словомь,слово,s stem,analogical,I,Sg,27,158v,09
50090,analogical,словомь,слово,27,158v,09,1,False,нао̑учитъ,наоучити,,,N,,27,158v,09
50090,analogical,словомь,слово,27,158v,09,2,False,просльꙁи,просльзити,,,,Sg,27,158v,09
50090,analogical,словомь,слово,27,158v,09,3,False,їс꙯,исоусъ,o stem masc,ambiguous,N,Sg,27,158v,09
51817,etymological,словесемь҆,слово,28,164r,06,-3,False,богать҆ство,богатьство,o stem neutr,ambiguous,A,Sg,28,164r,05
51817,etymological,словесемь҆,слово,28,164r,06,-2,False,и҅ꙁнесошꙙ,изнести,,,,Pl,28,164r,06
51817,etymological,словесемь҆,слово,28,164r,06,-1,False,и҅,и,,,,,28,164r,06
51817,etymological,словесемь҆,слово,28,164r,06,0,True,словесемь҆,слово,s stem,etymological,I,Sg,28,164r,06
51817,etymological,словесемь҆,слово,28,164r,06,1,False,веселомъ,веселъ,,,I,Sg,28,164r,06
51817,etymological,словесемь҆,слово,28,164r,06,2,False,велми,вельми,,,,,28,164r,07
51817,etymological,словесемь҆,слово,28,164r,06,3,False,вь҆сѣхъ,вьсь,,,G,Pl,28,164r,07
53001,etymological,словесемь҆,слово,29,167v,11,-3,False,рѫкоу,рѫка,a stem fem,,L,Du,29,167v,11
53001,etymological,словесемь҆,слово,29,167v,11,-2,False,носима,носити,,,G,Sg,29,167v,11
53001,etymological,словесемь҆,слово,29,167v,11,-1,False,и҅,и,,,,,29,167v,11
53001,etymological,словесемь҆,слово,29,167v,11,0,True,словесемь҆,слово,s stem,etymological,I,Sg,29,167v,11
53001,etymological,словесемь҆,слово,29,167v,11,1,False,ѥ҅днѣмь҆,ѥдинъ,,,I,Sg,29,167v,11
53001,etymological,словесемь҆,слово,29,167v,11,2,False,движѫшта,двиѕати,,,G,Sg,29,167v,11
53001,etymological,словесемь҆,слово,29,167v,11,3,False,не,не,,,,,29,167v,12
54348,etymological,тѣлесемь,тѣло,30,172r,11,-3,False,ꙗ҅ко,ꙗко,,,,,30,172r,10
54348,etymological,тѣлесемь,тѣло,30,172r,11,-2,False,бꙑти,бꙑти,,,,,30,172r,10
54348,etymological,тѣлесемь,тѣло,30,172r,11,-1,False,такомоу,такъ,,,Dt,Sg,30,172r,10
54348,etymological,тѣлесемь,тѣло,30,172r,11,0,True,тѣлесемь,тѣло,s stem,etymological,I,Sg,30,172r,11
54348,etymological,тѣлесемь,тѣло,30,172r,11,1,False,на,на,,,,,30,172r,11
54348,etymological,тѣлесемь,тѣло,30,172r,11,2,False,томь҆,тъ,,,L,Sg,30,172r,11
54348,etymological,тѣлесемь,тѣло,30,172r,11,3,False,мѣстѣ,мѣсто,o stem neutr,etymological,L,Sg,30,172r,11
54613,etymological,словесемь,слово,30,172v,26,-3,False,пакꙑ,пакꙑ,,,,,30,172v,25
54613,etymological,словесемь,слово,30,172v,26,-2,False,въводитъ,въводити,,,,Sg,30,172v,25
54613,etymological,словесемь,слово,30,172v,26,-1,False,сь҆,съ,,,,,30,172v,26
54613,etymological,словесемь,слово,30,172v,26,0,True,словесемь,слово,s stem,etymological,I,Sg,30,172v,26
54613,etymological,словесемь,слово,30,172v,26,1,False,то,то,,,,,30,172v,26
54613,etymological,словесемь,слово,30,172v,26,2,False,како,како,,,,,30,172v,26
54613,etymological,словесемь,слово,30,172v,26,3,False,глагол҄етъ,глаголати,,,,Sg,30,172v,26
54681,analogical,словомь҆,слово,30,173r,08,-3,False,бесплодь҆на,бесплодьнъ,,,G,Sg,30,173r,07
54681,analogical,словомь҆,слово,30,173r,08,-2,False,о̑усоуши,оусоушити,,,,Sg,30,173r,07
54681,analogical,словомь҆,слово,30,173r,08,-1,False,ѭ̑,и,,,A,Sg,30,173r,08
54681,analogical,словомь҆,слово,30,173r,08,0,True,словомь҆,слово,s stem,analogical,I,Sg,30,173r,08
54681,analogical,словомь҆,слово,30,173r,08,1,False,а҅кꙑ,акꙑ,,,,,30,173r,08
54681,analogical,словомь҆,слово,30,173r,08,2,False,богъ,богъ,o stem masc,ambiguous,N,Sg,30,173r,08
54681,analogical,словомь҆,слово,30,173r,08,3,False,рече,рещи,,,,Sg,30,173r,08
54760,analogical,словомъ,слово,30,173r,21,-3,False,бо,бо,,,,,30,173r,21
54760,analogical,словомъ,слово,30,173r,21,-2,False,бѣ,бꙑти,,,,Sg,30,173r,21
54760,analogical,словомъ,слово,30,173r,21,-1,False,бѣда,бѣда,a stem fem,,N,Sg,30,173r,21
54760,analogical,словомъ,слово,30,173r,21,0,True,словомъ,слово,s stem,analogical,I,Sg,30,173r,21
54760,analogical,словомъ,слово,30,173r,21,1,False,и҅съхнѫти,исъхнѫти,,,,,30,173r,22
54760,analogical,словомъ,слово,30,173r,21,2,False,смокви,смокꙑ,ū stem,ambiguous,A,Pl,30,173r,22
54760,analogical,словомъ,слово,30,173r,21,3,False,а҅,а,,,,,30,173r,22
54765,analogical,словомъ,слово,30,173r,22,-3,False,смокви,смокꙑ,ū stem,ambiguous,A,Pl,30,173r,22
54765,analogical,словомъ,слово,30,173r,22,-2,False,а҅,а,,,,,30,173r,22
54765,analogical,словомъ,слово,30,173r,22,-1,False,не,не,,,,,30,173r,22
54765,analogical,словомъ,слово,30,173r,22,0,True,словомъ,слово,s stem,analogical,I,Sg,30,173r,22
54765,analogical,словомъ,слово,30,173r,22,1,False,плода,плодъ,o stem masc,etymological,G,Sg,30,173r,23
54765,analogical,словомъ,слово,30,173r,22,2,False,и҅мѣти,имѣти,,,,,30,173r,23
54765,analogical,словомъ,слово,30,173r,22,3,False,ѥ҅же,иже,,,N,Sg,30,173r,23
54770,analogical,словомъ,слово,30,173r,23,-3,False,и҅мѣти,имѣти,,,,,30,173r,23
54770,analogical,словомъ,слово,30,173r,23,-2,False,ѥ҅же,иже,,,N,Sg,30,173r,23
54770,analogical,словомъ,слово,30,173r,23,-1,False,бо,бо,,,,,30,173r,23
54770,analogical,словомъ,слово,30,173r,23,0,True,словомъ,слово,s stem,analogical,I,Sg,30,173r,23
54770,analogical,словомъ,слово,30,173r,23,1,False,и҅соуши,исоушити,,,,Sg,30,173r,23
54770,analogical,словомъ,слово,30,173r,23,2,False,ѭ̑,и,,,A,Sg,30,173r,24
54770,analogical,словомъ,слово,30,173r,23,3,False,можаа҅ше,мощи,,,,Sg,30,173r,24
54775,analogical,словомъ,слово,30,173r,24,-3,False,ѭ̑,и,,,A,Sg,30,173r,24
54775,analogical,словомъ,слово,30,173r,24,-2,False,можаа҅ше,мощи,,,,Sg,30,173r,24
54775,analogical,словомъ,слово,30,173r,24,-1,False,и҅,и,,,,,30,173r,24
54775,analogical,словомъ,слово,30,173r,24,0,True,словомъ,слово,s stem,analogical,I,Sg,30,173r,24
54775,analogical,словомъ,слово,30,173r,24,1,False,плодънѫ,плодьнъ,,,A,Sg,30,173r,24
54775,analogical,словомъ,слово,30,173r,24,2,False,сътворити,сътворити,,,,,30,173r,24
54775,analogical,словомъ,слово,30,173r,24,3,False,чꙿто,чьто,,,A,Sg,30,173r,25
54819,analogical,словомъ,слово,30,173v,02,-3,False,хвалимъ,хвалити,,,N,Sg,30,173v,01
54819,analogical,словомъ,слово,30,173v,02,-2,False,о̑убо,оубо,,,,,30,173v,01
54819,analogical,словомъ,слово,30,173v,02,-1,False,ꙗ҅ко,ꙗко,,,,,30,173v,01
54819,analogical,словомъ,слово,30,173v,02,0,True,словомъ,слово,s stem,analogical,I,Sg,30,173v,02
54819,analogical,словомъ,слово,30,173v,02,1,False,о̑усоуши,оусоушити,,,,Sg,30,173v,02
54819,analogical,словомъ,слово,30,173v,02,2,False,ꙁаꙁорь҆нъ,зазорьнъ,,,N,Sg,30,173v,02
54819,analogical,словомъ,слово,30,173v,02,3,False,же,же,,,,,30,173v,02
55166,etymological,словесемъ,слово,30,174v,05,-3,False,тоѧ,тъ,,,G,Sg,30,174v,04
55166,etymological,словесемъ,слово,30,174v,05,-2,False,стꙑдь҆ка,стꙑдъкъ,,,G,Sg,30,174v,04
55166,etymological,словесемъ,слово,30,174v,05,-1,False,покровишта,покровище,jo stem neutr,etymological,G,Sg,30,174v,04
55166,etymological,словесемъ,слово,30,174v,05,0,True,словесемъ,слово,s stem,etymological,I,Sg,30,174v,05
55166,etymological,словесемъ,слово,30,174v,05,1,False,о̑усоуши,оусоушити,,,,Sg,30,174v,05
55166,etymological,словесемъ,слово,30,174v,05,2,False,о҅тънꙙ,отѧти,,,,Sg,30,174v,05
55166,etymological,словесемъ,слово,30,174v,05,3,False,ти,тꙑ,,,Dt,Sg,30,174v,06
57584,analogical,словомъ,слово,31,181v,17,-3,False,погꙑбоста,погꙑбати,,,,Du,31,181v,17
57584,analogical,словомъ,слово,31,181v,17,-2,False,и҅,и,,,,,31,181v,17
57584,analogical,словомъ,слово,31,181v,17,-1,False,съ,съ,,,,,31,181v,17
57584,analogical,словомъ,слово,31,181v,17,0,True,словомъ,слово,s stem,analogical,I,Sg,31,181v,17
57584,analogical,словомъ,слово,31,181v,17,1,False,и҅мѣнии҅мъ,имѣньнъ,,,I,Sg,31,181v,18
57584,analogical,словомъ,слово,31,181v,17,2,False,тъгда,тъгда,,,,,31,181v,18
57584,analogical,словомъ,слово,31,181v,17,3,False,бо,бо,,,,,31,181v,18
59908,analogical,словомъ,слово,32,188r,18,-3,False,ни,ни,,,,,32,188r,18
59908,analogical,словомъ,слово,32,188r,18,-2,False,богать҆ствомъ,богатьство,o stem neutr,etymological,I,Sg,32,188r,18
59908,analogical,словомъ,слово,32,188r,18,-1,False,ни,ни,,,,,32,188r,18
59908,analogical,словомъ,слово,32,188r,18,0,True,словомъ,слово,s stem,analogical,I,Sg,32,188r,18
59908,analogical,словомъ,слово,32,188r,18,1,False,ни,ни,,,,,32,188r,18
59908,analogical,словомъ,слово,32,188r,18,2,False,ꙁастѫпомъ,застѫпъ,o stem masc,etymological,I,Sg,32,188r,19
59908,analogical,словомъ,слово,32,188r,18,3,False,ни,ни,,,,,32,188r,19
60181,analogical,словомъ,слово,32,189r,01,-3,False,и҅,и,,,,,32,189r,01
60181,analogical,словомъ,слово,32,189r,01,-2,False,вьсе,вьсь,,,A,Sg,32,189r,01
60181,analogical,словомъ,слово,32,189r,01,-1,False,блажениѥ҆,блажениѥ,jo stem neutr,etymological,A,Sg,32,189r,01
60181,analogical,словомъ,слово,32,189r,01,0,True,словомъ,слово,s stem,analogical,I,Sg,32,189r,01
60181,analogical,словомъ,слово,32,189r,01,1,False,симъ,сь,,,I,Sg,32,189r,02
60181,analogical,словомъ,слово,32,189r,01,2,False,покаꙁавъ,показати,,,N,Sg,32,189r,02
60181,analogical,словомъ,слово,32,189r,01,3,False,нъ,нъ,,,,,32,189r,02
62162,etymological,словесемь҆,слово,33,194r,22,-3,False,пѣготꙑ,пѣготꙑ,a stem fem,,A,Pl,33,194r,22
62162,etymological,словесемь҆,слово,33,194r,22,-2,False,а҅кꙑ,акꙑ,,,,,33,194r,22
62162,etymological,словесемь҆,слово,33,194r,22,-1,False,лопатоѭ҄,лопата,a stem fem,,I,Sg,33,194r,22
62162,etymological,словесемь҆,слово,33,194r,22,0,True,словесемь҆,слово,s stem,etymological,I,Sg,33,194r,22
62162,etymological,словесемь҆,слово,33,194r,22,1,False,сь҆брꙑса,събрꙑсати,,,,Sg,33,194r,22
62162,etymological,словесемь҆,слово,33,194r,22,2,False,ти,ти,,,,,33,194r,23
62162,etymological,словесемь҆,слово,33,194r,22,3,False,томоу,тъ,,,Dt,Sg,33,194r,23
62223,etymological,словесемь҆,слово,33,194v,02,-3,False,сице,сице,,,,,33,194v,02
62223,etymological,словесемь҆,слово,33,194v,02,-2,False,недѫгꙑ,недѫгъ,o stem masc,ambiguous,A,Pl,33,194v,02
62223,etymological,словесемь҆,слово,33,194v,02,-1,False,и҅мѣѭ҄шта,имѣти,,,G,Sg,33,194v,02
62223,etymological,словесемь҆,слово,33,194v,02,0,True,словесемь҆,слово,s stem,etymological,I,Sg,33,194v,02
62223,etymological,словесемь҆,слово,33,194v,02,1,False,и҅цѣли,ицѣлити,,,,Sg,33,194v,03
62223,etymological,словесемь҆,слово,33,194v,02,2,False,ти,ти,,,,,33,194v,03
62223,etymological,словесемь҆,слово,33,194v,02,3,False,томоу,тъ,,,Dt,Sg,33,194v,03
69837,etymological,словесемь҆,слово,38,215v,10,-3,False,и҅,и,,,,,38,215v,10
69837,etymological,словесемь҆,слово,38,215v,10,-2,False,свѣтълъ,свѣтьлъ,,,N,Sg,38,215v,10
69837,etymological,словесемь҆,слово,38,215v,10,-1,False,ѥ҅смь҆,бꙑти,,,,Sg,38,215v,10
69837,etymological,словесемь҆,слово,38,215v,10,0,True,словесемь҆,слово,s stem,etymological,I,Sg,38,215v,10
69837,etymological,словесемь҆,слово,38,215v,10,1,False,и҅,и,,,,,38,215v,10
69837,etymological,словесемь҆,слово,38,215v,10,2,False,глаголѫ,глаголати,,,,Sg,38,215v,11
69837,etymological,словесемь҆,слово,38,215v,10,3,False,къ,къ,,,,,38,215v,11
77921,analogical,словомъ,слово,41,237r,11,-3,False,въ,въ,,,,,41,237r,11
77921,analogical,словомъ,слово,41,237r,11,-2,False,поустꙑн҄и,поустꙑни,ja stem fem,,L,Sg,41,237r,11
77921,analogical,словомъ,слово,41,237r,11,-1,False,прогꙿналъ,прогънати,,,N,Sg,41,237r,11
77921,analogical,словомъ,слово,41,237r,11,0,True,словомъ,слово,s stem,analogical,I,Sg,41,237r,11
77921,analogical,словомъ,слово,41,237r,11,1,False,множь҆ство,мъножьство,o stem neutr,ambiguous,A,Sg,41,237r,12
77921,analogical,словомъ,слово,41,237r,11,2,False,бѣсъ,бѣсъ,o stem masc,etymological,G,Pl,41,237r,12
77921,analogical,словомъ,слово,41,237r,11,3,False,слово,слово,s stem,ambiguous,A,Sg,41,237r,12
77945,analogical,словомъ,слово,41,237r,16,-3,False,хромꙑѧ,хромъ,,,A,Pl,41,237r,16
77945,analogical,словомъ,слово,41,237r,16,-2,False,на,на,,,,,41,237r,16
77945,analogical,словомъ,слово,41,237r,16,-1,False,течень҆ѥ,течениѥ,jo stem neutr,etymological,A,Sg,41,237r,16
77945,analogical,словомъ,слово,41,237r,16,0,True,словомъ,слово,s stem,analogical,I,Sg,41,237r,16
77945,analogical,словомъ,слово,41,237r,16,1,False,ꙁъвааше,зъвати,,,,Sg,41,237r,16
77945,analogical,словомъ,слово,41,237r,16,2,False,о҅слабьѥ҅наа҅го,ослабити,,,G,Sg,41,237r,16
77945,analogical,словомъ,слово,41,237r,16,3,False,и҅сцѣливъ,ицѣлити,,,N,Sg,41,237r,17
77962,analogical,словомъ,слово,41,237r,19,-3,False,боурѫ,боурꙗ,ja stem fem,,A,Sg,41,237r,18
77962,analogical,словомъ,слово,41,237r,19,-2,False,вѣтрь҆нѫ,вѣтрьнъ,,,A,Sg,41,237r,19
77962,analogical,словомъ,слово,41,237r,19,-1,False,оутолилъ,оутолити,,,N,Sg,41,237r,19
77962,analogical,словомъ,слово,41,237r,19,0,True,словомъ,слово,s stem,analogical,I,Sg,41,237r,19
77962,analogical,словомъ,слово,41,237r,19,1,False,ѧ҅тиѥ,ѩтиѥ,jo stem neutr,etymological,N,Sg,41,237r,19
77962,analogical,словомъ,слово,41,237r,19,2,False,краꙗ,краи,jo stem masc,etymological,G,Sg,41,237r,19
77962,analogical,словомъ,слово,41,237r,19,3,False,риꙁꙑ,риза,a stem fem,,G,Sg,41,237r,19
78558,analogical,словомъ,слово,41,238v,11,-3,False,и҅мꙙ,имѧ,n stem,etymological,N,Sg,41,238v,10
78558,analogical,словомъ,слово,41,238v,11,-2,False,ѥ҅го,и,,,G,Sg,41,238v,10
78558,analogical,словомъ,слово,41,238v,11,-1,False,ѥ҅днѣмъ,ѥдинъ,,,I,Sg,41,238v,11
78558,analogical,словомъ,слово,41,238v,11,0,True,словомъ,слово,s stem,analogical,I,Sg,41,238v,11
78558,analogical,словомъ,слово,41,238v,11,1,False,о҅тъгонꙙ,отъгонити,,,N,Sg,41,238v,11
78558,analogical,словомъ,слово,41,238v,11,2,False,страсти,страсть,i stem fem,etymological,A,Pl,41,238v,11
78558,analogical,словомъ,слово,41,238v,11,3,False,ѥ҅дноѭ̑,ѥдинъ,,,I,Sg,41,238v,11
78572,analogical,словомъ,слово,41,238v,13,-3,False,силь҆нъ,сильнъ,,,N,Sg,41,238v,12
78572,analogical,словомъ,слово,41,238v,13,-2,False,дѣломъ,дѣло,o stem neutr,etymological,I,Sg,41,238v,13
78572,analogical,словомъ,слово,41,238v,13,-1,False,и҅,и,,,,,41,238v,13
78572,analogical,словомъ,слово,41,238v,13,0,True,словомъ,слово,s stem,analogical,I,Sg,41,238v,13
78572,analogical,словомъ,слово,41,238v,13,1,False,мороу,морѥ,jo stem neutr,etymological,Dt,Sg,41,238v,13
78572,analogical,словомъ,слово,41,238v,13,2,False,прѣштааше,прѣтити,,,,Sg,41,238v,13
78572,analogical,словомъ,слово,41,238v,13,3,False,и҅,и,,,,,41,238v,13
78581,analogical,словомъ,слово,41,238v,14,-3,False,силь҆нъ,сильнъ,,,N,Sg,41,238v,14
78581,analogical,словомъ,слово,41,238v,14,-2,False,дѣломъ,дѣло,o stem neutr,etymological,I,Sg,41,238v,14
78581,analogical,словомъ,слово,41,238v,14,-1,False,и҅,и,,,,,41,238v,14
78581,analogical,словомъ,слово,41,238v,14,0,True,словомъ,слово,s stem,analogical,I,Sg,41,238v,14
78581,analogical,словомъ,слово,41,238v,14,1,False,сь҆,съ,,,,,41,238v,14
78581,analogical,словомъ,слово,41,238v,14,2,False,прокаꙁы҆,проказа,a stem fem,,G,Sg,41,238v,14
78581,analogical,словомъ,слово,41,238v,14,3,False,съвлѣче,съвлѣщи,,,,Sg,41,238v,15
78595,analogical,словомъ,слово,41,238v,16,-3,False,и҅,и,,,,,41,238v,16
78595,analogical,словомъ,слово,41,238v,16,-2,False,о̑устѫпаа҅хѫ,оустѫпати,,,,Pl,41,238v,16
78595,analogical,словомъ,слово,41,238v,16,-1,False,силь҆нъ,сильнъ,,,N,Sg,41,238v,16
78595,analogical,словомъ,слово,41,238v,16,0,True,словомъ,слово,s stem,analogical,I,Sg,41,238v,16
78595,analogical,словомъ,слово,41,238v,16,1,False,касаа҅ше,касати,,,,Sg,41,238v,16
78595,analogical,словомъ,слово,41,238v,16,2,False,сꙙ,себе,,,A,Sg,41,238v,17
78595,analogical,словомъ,слово,41,238v,16,3,False,жъгомꙑи҅мъ,жещи,,,Dt,Pl,41,238v,17
78611,analogical,словомъ,слово,41,238v,19,-3,False,їꙁношаа҅ше,износити,,,,Sg,41,238v,18
78611,analogical,словомъ,слово,41,238v,19,-2,False,ть҆лѣнь҆нꙑѧ҆,тьлѣньнъ,,,A,Pl,41,238v,18
78611,analogical,словомъ,слово,41,238v,19,-1,False,силь҆нъ,сильнъ,,,N,Sg,41,238v,19
78611,analogical,словомъ,слово,41,238v,19,0,True,словомъ,слово,s stem,analogical,I,Sg,41,238v,19
78611,analogical,словомъ,слово,41,238v,19,1,False,вь҆ꙁь҆мъ,възѧти,,,N,Sg,41,238v,19
78611,analogical,словомъ,слово,41,238v,19,2,False,пꙙть҆,пѧть,,,A,Sg,41,238v,19
78611,analogical,словомъ,слово,41,238v,19,3,False,хлѣбъ,хлѣбъ,o stem masc,etymological,G,Pl,41,238v,19
78629,analogical,словомъ,слово,41,238v,22,-3,False,свиниѧ҆,свиниꙗ,ja stem fem,,A,Pl,41,238v,21
78629,analogical,словомъ,слово,41,238v,22,-2,False,посꙑлаа҅ше,посꙑлати,,,,Sg,41,238v,21
78629,analogical,словомъ,слово,41,238v,22,-1,False,силь҆нъ,сильнъ,,,N,Sg,41,238v,21
78629,analogical,словомъ,слово,41,238v,22,0,True,словомъ,слово,s stem,analogical,I,Sg,41,238v,22
78629,analogical,словомъ,слово,41,238v,22,1,False,касааше,касати,,,,Sg,41,238v,22
78629,analogical,словомъ,слово,41,238v,22,2,False,сꙙ,себе,,,A,Sg,41,238v,22
78629,analogical,словомъ,слово,41,238v,22,3,False,соусѣ,соухъ,,,Dt,Sg,41,238v,22
78646,analogical,словомъ,слово,41,238v,24,-3,False,и҅,и,,,,,41,238v,24
78646,analogical,словомъ,слово,41,238v,24,-2,False,їсъхнѣꙗ҅ше,исъхнѫти,,,,Sg,41,238v,24
78646,analogical,словомъ,слово,41,238v,24,-1,False,силь҆нъ,сильнъ,,,N,Sg,41,238v,24
78646,analogical,словомъ,слово,41,238v,24,0,True,словомъ,слово,s stem,analogical,I,Sg,41,238v,24
78646,analogical,словомъ,слово,41,238v,24,1,False,брь҆нии҅мъ,брьниѥ,jo stem neutr,etymological,I,Sg,41,238v,24
78646,analogical,словомъ,слово,41,238v,24,2,False,помаꙁаа҅ше,помазати,,,,Sg,41,238v,25
78646,analogical,словомъ,слово,41,238v,24,3,False,о҅чи,око,irregular s stem,,A,Du,41,238v,25
78657,analogical,словъмъ,слово,41,238v,26,-3,False,дѣлꙑ,дѣло,o stem neutr,etymological,I,Pl,41,238v,26
78657,analogical,словъмъ,слово,41,238v,26,-2,False,а҅рꙿхиереиска,архиереискъ,,,G,Sg,41,238v,26
78657,analogical,словъмъ,слово,41,238v,26,-1,False,свѣта,съвѣтъ,o stem masc,etymological,G,Sg,41,238v,26
78657,analogical,словъмъ,слово,41,238v,26,0,True,словъмъ,слово,s stem,analogical,I,Sg,41,238v,26
78657,analogical,словъмъ,слово,41,238v,26,1,False,о҅строуꙗаше,остроуꙗти,,,,Sg,41,238v,26
78657,analogical,словъмъ,слово,41,238v,26,2,False,сильнъ,сильнъ,,,N,Sg,41,238v,27
78657,analogical,словъмъ,слово,41,238v,26,3,False,словомъ,слово,s stem,analogical,I,Sg,41,238v,27
78660,analogical,словомъ,слово,41,238v,27,-3,False,словъмъ,слово,s stem,analogical,I,Sg,41,238v,26
78660,analogical,словомъ,слово,41,238v,27,-2,False,о҅строуꙗаше,остроуꙗти,,,,Sg,41,238v,26
78660,analogical,словомъ,слово,41,238v,27,-1,False,сильнъ,сильнъ,,,N,Sg,41,238v,27
78660,analogical,словомъ,слово,41,238v,27,0,True,словомъ,слово,s stem,analogical,I,Sg,41,238v,27
78660,analogical,словомъ,слово,41,238v,27,1,False,и҅,и,,,,,41,238v,27
78660,analogical,словомъ,слово,41,238v,27,2,False,дѣль҆мь҆,дѣло,o stem neutr,etymological,I,Sg,41,238v,27
78660,analogical,словомъ,слово,41,238v,27,3,False,водънааго,водьнъ,,,G,Sg,41,238v,27
78668,analogical,словомъ,слово,41,238v,28,-3,False,строуѧ,строуꙗ,ja stem fem,,A,Pl,41,238v,28
78668,analogical,словомъ,слово,41,238v,28,-2,False,и҅ꙁь҆лиꙗ,излиꙗти,,,,Sg,41,238v,28
78668,analogical,словомъ,слово,41,238v,28,-1,False,силь҆нъ,сильнъ,,,N,Sg,41,238v,28
78668,analogical,словомъ,слово,41,238v,28,0,True,словомъ,слово,s stem,analogical,I,Sg,41,238v,28
78668,analogical,словомъ,слово,41,238v,28,1,False,и҅,и,,,,,41,238v,28
78668,analogical,словомъ,слово,41,238v,28,2,False,дѣломъ,дѣло,o stem neutr,etymological,I,Sg,41,238v,28
78668,analogical,словомъ,слово,41,238v,28,3,False,прихождаа҅хѫ,приходити,,,,Pl,41,238v,28
78677,analogical,словомь҆,слово,41,238v,30,-3,False,ѥго,и,,,G,Sg,41,238v,29
78677,analogical,словомь҆,слово,41,238v,30,-2,False,и҅,и,,,,,41,238v,29
78677,analogical,словомь҆,слово,41,238v,30,-1,False,ѥ҅днѣмъ,ѥдинъ,,,I,Sg,41,238v,29
78677,analogical,словомь҆,слово,41,238v,30,0,True,словомь҆,слово,s stem,analogical,I,Sg,41,238v,30
78677,analogical,словомь҆,слово,41,238v,30,1,False,о҅нѣмь҆ꙗше,онѣмлꙗти,,,,Sg,41,238v,30
78677,analogical,словомь҆,слово,41,238v,30,2,False,ѧ҅,и,,,A,Pl,41,238v,30
78677,analogical,словомь҆,слово,41,238v,30,3,False,ѥ҅гда,ѥгда,,,,,41,238v,30
78708,analogical,словомъ,слово,41,239r,04,-3,False,сь҆вѣтъ,съвѣтъ,o stem masc,ambiguous,A,Sg,41,239r,03
78708,analogical,словомъ,слово,41,239r,04,-2,False,и҅хъ,и,,,G,Pl,41,239r,04
78708,analogical,словомъ,слово,41,239r,04,-1,False,силь҆нъ,сильнъ,,,N,Sg,41,239r,04
78708,analogical,словомъ,слово,41,239r,04,0,True,словомъ,слово,s stem,analogical,I,Sg,41,239r,04
78708,analogical,словомъ,слово,41,239r,04,1,False,и҅,и,,,,,41,239r,04
78708,analogical,словомъ,слово,41,239r,04,2,False,дѣломъ,дѣло,o stem neutr,etymological,I,Sg,41,239r,04
78708,analogical,словомъ,слово,41,239r,04,3,False,прѣдъ,прѣдъ,,,,,41,239r,04
82141,analogical,тѣломъ,тѣло,43,247v,23,-3,False,съ,съ,,,,,43,247v,23
82141,analogical,тѣломъ,тѣло,43,247v,23,-2,False,доушеѭ̑,доуша,ja stem fem,,I,Sg,43,247v,23
82141,analogical,тѣломъ,тѣло,43,247v,23,-1,False,и҅,и,,,,,43,247v,23
82141,analogical,тѣломъ,тѣло,43,247v,23,0,True,тѣломъ,тѣло,s stem,analogical,I,Sg,43,247v,23
82141,analogical,тѣломъ,тѣло,43,247v,23,1,False,достои҅ное҆,достоинъ,,,A,Sg,43,247v,23
82141,analogical,тѣломъ,тѣло,43,247v,23,2,False,съконь҆чаи҅мъ,съконьчати,,,,Pl,43,247v,24
82141,analogical,тѣломъ,тѣло,43,247v,23,3,False,да,да,,,,,43,247v,24
82261,analogical,тѣломъ,тѣло,43,248r,14,-3,False,съ,съ,,,,,43,248r,13
82261,analogical,тѣломъ,тѣло,43,248r,14,-2,False,хръстомъ,христ(ос)ъ,o stem masc,etymological,I,Sg,43,248r,13
82261,analogical,тѣломъ,тѣло,43,248r,14,-1,False,о҅нъ,онъ,,,N,Sg,43,248r,14
82261,analogical,тѣломъ,тѣло,43,248r,14,0,True,тѣломъ,тѣло,s stem,analogical,I,Sg,43,248r,14
82261,analogical,тѣломъ,тѣло,43,248r,14,1,False,о̑умрѣ,оумрѣти,,,,Sg,43,248r,14
82261,analogical,тѣломъ,тѣло,43,248r,14,2,False,и҅,и,,,,,43,248r,14
82261,analogical,тѣломъ,тѣло,43,248r,14,3,False,тѣломъ,тѣло,s stem,analogical,I,Sg,43,248r,14
82264,analogical,тѣломъ,тѣло,43,248r,14,-3,False,тѣломъ,тѣло,s stem,analogical,I,Sg,43,248r,14
82264,analogical,тѣломъ,тѣло,43,248r,14,-2,False,о̑умрѣ,оумрѣти,,,,Sg,43,248r,14
82264,analogical,тѣломъ,тѣло,43,248r,14,-1,False,и҅,и,,,,,43,248r,14
82264,analogical,тѣломъ,тѣло,43,248r,14,0,True,тѣломъ,тѣло,s stem,analogical,I,Sg,43,248r,14
82264,analogical,тѣломъ,тѣло,43,248r,14,1,False,въста,въстати,,,,Sg,43,248r,14
82264,analogical,тѣломъ,тѣло,43,248r,14,2,False,сии,сь,,,N,Pl,43,248r,14
82264,analogical,тѣломъ,тѣло,43,248r,14,3,False,же,же,,,,,43,248r,14
83803,analogical,тѣломъ,тѣло,44,252r,05,-3,False,приближи,приближити,,,,Sg,44,252r,05
83803,analogical,тѣломъ,тѣло,44,252r,05,-2,False,ми,азъ,,,Dt,Sg,44,252r,05
83803,analogical,тѣломъ,тѣло,44,252r,05,-1,False,сꙙ,себе,,,A,Sg,44,252r,05
83803,analogical,тѣломъ,тѣло,44,252r,05,0,True,тѣломъ,тѣло,s stem,analogical,I,Sg,44,252r,05
83803,analogical,тѣломъ,тѣло,44,252r,05,1,False,и҅,и,,,,,44,252r,06
83803,analogical,тѣломъ,тѣло,44,252r,05,2,False,доухомъ,доухъ,o stem masc,etymological,I,Sg,44,252r,06
83803,analogical,тѣломъ,тѣло,44,252r,05,3,False,и҅,и,,,,,44,252r,06
84131,analogical,словомъ,слово,44,252v,23,-3,False,ѥ҅ште,ѥще,,,,,44,252v,22
84131,analogical,словомъ,слово,44,252v,23,-2,False,твоѥго,твои,,,G,Sg,44,252v,22
84131,analogical,словомъ,слово,44,252v,23,-1,False,цѣсарьствиꙗ,цѣсарьствиѥ,jo stem neutr,etymological,G,Sg,44,252v,22
84131,analogical,словомъ,слово,44,252v,23,0,True,словомъ,слово,s stem,analogical,I,Sg,44,252v,23
84131,analogical,словомъ,слово,44,252v,23,1,False,о҅тꙙжѫ,отѧѕати,,,,Sg,44,252v,23
84131,analogical,словомъ,слово,44,252v,23,2,False,вѣдѣ,вѣдѣти,,,,Sg,44,252v,23
84131,analogical,словомъ,слово,44,252v,23,3,False,что,чьто,,,A,Sg,44,252v,23
87933,analogical,словомъ,слово,46,262r,06,-3,False,и҅,и,,,,,46,262r,06
87933,analogical,словомъ,слово,46,262r,06,-2,False,вь҆нимаѧ҆,вънимати,,,N,Sg,46,262r,06
87933,analogical,словомъ,слово,46,262r,06,-1,False,ꙗ҅коже,ꙗкоже,,,,,46,262r,06
87933,analogical,словомъ,слово,46,262r,06,0,True,словомъ,слово,s stem,analogical,I,Sg,46,262r,06
87933,analogical,словомъ,слово,46,262r,06,1,False,тъчьѭ̑,тъчиѭ,,,,,46,262r,06
87933,analogical,словомъ,слово,46,262r,06,2,False,довь҆ленъ,довольнъ,,,N,Sg,46,262r,06
87933,analogical,словомъ,слово,46,262r,06,3,False,бꙑвъ,бꙑти,,,N,Sg,46,262r,07
88100,analogical,тѣломъ,тѣло,46,262r,28,-3,False,и҅же,иже,,,N,Sg,46,262r,28
88100,analogical,тѣломъ,тѣло,46,262r,28,-2,False,дш꙯еѭ̑,доуша,ja stem fem,,I,Sg,46,262r,28
88100,analogical,тѣломъ,тѣло,46,262r,28,-1,False,и҅,и,,,,,46,262r,28
88100,analogical,тѣломъ,тѣло,46,262r,28,0,True,тѣломъ,тѣло,s stem,analogical,I,Sg,46,262r,28
88100,analogical,тѣломъ,тѣло,46,262r,28,1,False,проблѫдивь,проблѫдити,,,N,Sg,46,262r,29
88100,analogical,тѣломъ,тѣло,46,262r,28,2,False,сꙙ,себе,,,A,Sg,46,262r,29
88100,analogical,тѣломъ,тѣло,46,262r,28,3,False,о҅ть҆,отъ,,,,,46,262r,29
88692,etymological,словесемъ,слово,46,263v,22,-3,False,и҅,и,,,,,46,263v,21
88692,etymological,словесемъ,слово,46,263v,22,-2,False,о̑убои҅ства,оубоиство,o stem neutr,etymological,G,Sg,46,263v,21
88692,etymological,словесемъ,слово,46,263v,22,-1,False,въпадъ,въпасти,,,N,Sg,46,263v,21
88692,etymological,словесемъ,слово,46,263v,22,0,True,словесемъ,слово,s stem,etymological,I,Sg,46,263v,22
88692,etymological,словесемъ,слово,46,263v,22,1,False,покаа҅нь҆ѥ҆,покаꙗниѥ,jo stem neutr,etymological,A,Sg,46,263v,22
88692,etymological,словесемъ,слово,46,263v,22,2,False,о҅бавивъ,обавити,,,N,Sg,46,263v,22
88692,etymological,словесемъ,слово,46,263v,22,3,False,проштениѥ҆,прощениѥ,jo stem neutr,etymological,A,Sg,46,263v,22
89729,analogical,словомъ,слово,46,266r,24,-3,False,ѥ҅моу,и,,,Dt,Sg,46,266r,23
89729,analogical,словомъ,слово,46,266r,24,-2,False,ꙗ҅коже,ꙗкоже,,,,,46,266r,23
89729,analogical,словомъ,слово,46,266r,24,-1,False,ѥ҅моу,и,,,Dt,Sg,46,266r,23
89729,analogical,словомъ,слово,46,266r,24,0,True,словомъ,слово,s stem,analogical,I,Sg,46,266r,24
89729,analogical,словомъ,слово,46,266r,24,1,False,въскорѣ,въскорѣ,,,,,46,266r,24
89729,analogical,словомъ,слово,46,266r,24,2,False,прогонити,прогонити,,,,,46,266r,24
89729,analogical,словомъ,слово,46,266r,24,3,False,нечистꙑѧ҆,нечистъ,,,A,Pl,46,266r,24
90466,analogical,словомъ,слово,47,268r,13,-3,False,на,на,,,,,47,268r,13
90466,analogical,словомъ,слово,47,268r,13,-2,False,небесехъ,небо,s stem,etymological,L,Pl,47,268r,13
90466,analogical,словомъ,слово,47,268r,13,-1,False,и҅же,иже,,,N,Sg,47,268r,13
90466,analogical,словомъ,слово,47,268r,13,0,True,словомъ,слово,s stem,analogical,I,Sg,47,268r,13
90466,analogical,словомъ,слово,47,268r,13,1,False,свои҅мъ,свои,,,I,Sg,47,268r,13
90466,analogical,словомъ,слово,47,268r,13,2,False,сьтворивꙿ,сътворити,,,N,Sg,47,268r,13
90466,analogical,словомъ,слово,47,268r,13,3,False,вь҆сѣчь҆скаꙗ҆,вьсꙗчьскъ,,,A,Pl,47,268r,14
90843,analogical,тѣломъ,тѣло,47,269r,05,-3,False,крь҆штень҆ꙗ,крьщениѥ,jo stem neutr,etymological,G,Sg,47,269r,04
90843,analogical,тѣломъ,тѣло,47,269r,05,-2,False,е҅ухиѧ҆,еѵхи,,,G,Sg,47,269r,05
90843,analogical,тѣломъ,тѣло,47,269r,05,-1,False,надъ,надъ,,,,,47,269r,05
90843,analogical,тѣломъ,тѣло,47,269r,05,0,True,тѣломъ,тѣло,s stem,analogical,I,Sg,47,269r,05
90843,analogical,тѣломъ,тѣло,47,269r,05,1,False,ѥ҅го,и,,,G,Sg,47,269r,05
90843,analogical,тѣломъ,тѣло,47,269r,05,2,False,а҅кꙑ,акꙑ,,,,,47,269r,05
90843,analogical,тѣломъ,тѣло,47,269r,05,3,False,надъ,надъ,,,,,47,269r,05
92433,etymological,небесемъ,небо,48,273r,05,-3,False,чловѣкъ,чловѣкъ,o stem masc,etymological,G,Pl,48,273r,05
92433,etymological,небесемъ,небо,48,273r,05,-2,False,и҅же,иже,,,N,Pl,48,273r,05
92433,etymological,небесемъ,небо,48,273r,05,-1,False,подъ,подъ,,,,,48,273r,05
92433,etymological,небесемъ,небо,48,273r,05,0,True,небесемъ,небо,s stem,etymological,I,Sg,48,273r,05
92433,etymological,небесемъ,небо,48,273r,05,1,False,и҅,и,,,,,48,273r,05
92433,etymological,небесемъ,небо,48,273r,05,2,False,ѥ҅же,иже,,,N,Sg,48,273r,05
92433,etymological,небесемъ,небо,48,273r,05,3,False,о҅тъ,отъ,,,,,48,273r,05
94143,analogical,тѣломъ,тѣло,48,276v,23,-3,False,нѣмь҆,нѣмъ,,,N,Sg,48,276v,22
94143,analogical,тѣломъ,тѣло,48,276v,23,-2,False,и҅,и,,,,,48,276v,23
94143,analogical,тѣломъ,тѣло,48,276v,23,-1,False,всѣмъ,вьсь,,,I,Sg,48,276v,23
94143,analogical,тѣломъ,тѣло,48,276v,23,0,True,тѣломъ,тѣло,s stem,analogical,I,Sg,48,276v,23
94143,analogical,тѣломъ,тѣло,48,276v,23,1,False,раслабѥ҅нъ,раслаблѥнъ,,,N,Sg,48,276v,23
94143,analogical,тѣломъ,тѣло,48,276v,23,2,False,ѥ҅гоже,иже,,,G,Sg,48,276v,23
94143,analogical,тѣломъ,тѣло,48,276v,23,3,False,не,не,,,,,48,276v,23
94311,analogical,тѣломъ,тѣло,48,277r,17,-3,False,съкроушаѥ҅мъ,съкроушати,,,N,Sg,48,277r,17
94311,analogical,тѣломъ,тѣло,48,277r,17,-2,False,страждꙙ,страдати,,,N,Sg,48,277r,17
94311,analogical,тѣломъ,тѣло,48,277r,17,-1,False,вь҆сѣмъ,вьсь,,,I,Sg,48,277r,17
94311,analogical,тѣломъ,тѣло,48,277r,17,0,True,тѣломъ,тѣло,s stem,analogical,I,Sg,48,277r,17
94311,analogical,тѣломъ,тѣло,48,277r,17,1,False,и҅,и,,,,,48,277r,18
94311,analogical,тѣломъ,тѣло,48,277r,17,2,False,въ,въ,,,,,48,277r,18
94311,analogical,тѣломъ,тѣло,48,277r,17,3,False,толико,толикъ,,,A,Sg,48,277r,18
97544,analogical,словомъ,слово,48,284v,16,-3,False,и҅,и,,,,,48,284v,16
97544,analogical,словомъ,слово,48,284v,16,-2,False,коупꙿно,коупьно,,,,,48,284v,16
97544,analogical,словомъ,слово,48,284v,16,-1,False,съ,съ,,,,,48,284v,16
97544,analogical,словомъ,слово,48,284v,16,0,True,словомъ,слово,s stem,analogical,I,Sg,48,284v,16
97544,analogical,словомъ,слово,48,284v,16,1,False,о҅блачь҆цъ,облачьць,jo stem masc,etymological,N,Sg,48,284v,16
97544,analogical,словомъ,слово,48,284v,16,2,False,малъ,малъ,,,N,Sg,48,284v,17
97544,analogical,словомъ,слово,48,284v,16,3,False,ꙗ҅ви,авити,,,,Sg,48,284v,17
